words_typed,intelligibility_rating,audio,condition,cutoff,content,trial_index,fullcond,suj_id,scores,TSRatios,cond_names,colors
#,1,filter_7_Inf_frm01_s08.wav,Temporal,7,Joe books very few judges,4,Temporal_7,1,0.0,0,T 7,royalblue
it's about... shotguns,3,filter_7_Inf_frm01_s05.wav,Temporal,7,It's been about two years since Davey kept shotguns,7,Temporal_7,1,3.9215686274509802,54,T 7,royalblue
special task force rescue kidnapping,3,filter_Inf_0.4_frm01_s23.wav,Spectral,0.4,Special task forces rescue hostages from kidnappers,10,Spectral_0.4,1,5.88235294117647,76,S 0.4,forestgreen
subdued..big brother,2,filter_6.5_Inf_frm01_s20.wav,Temporal,6.5,The frightened child was gently subdued by his big brother,13,Temporal_6.5,1,1.7241379310344827,49,T 6.5,cornflowerblue
coincided with the breakdown of a heating part,2,filter_Inf_0.5_frm01_s15.wav,Spectral,0.5,Each untimely income loss coincided with the breakdown of a heating system part,16,Spectral_0.5,1,10.126582278481013,74,S 0.5,darkgreen
big wheel caught,2,filter_7_Inf_frm01_s04.wav,Temporal,7,A fifth wheel caught speeding,19,Temporal_7,1,6.896551724137931,58,T 7,royalblue
on the surface of a small lake,3,filter_6.5_Inf_frm01_s27.wav,Temporal,6.5,The fish began to leap frantically on the surface of the small lake,22,Temporal_6.5,1,8.955223880597014,62,T 6.5,cornflowerblue
relax atmosphere,2,filter_Inf_0.4_frm01_s32.wav,Spectral,0.4,Is a relaxed home atmosphere enough to help her outgrow these traits,25,Spectral_0.4,1,1.4705882352941175,38,S 0.4,forestgreen
the sermon affirmed the nedd for action,4,filter_6.5_Inf_frm01_s17.wav,Temporal,6.5,The sermon emphasized the need for afirmative action,28,Temporal_6.5,1,7.6923076923076925,81,T 6.5,cornflowerblue
#,1,filter_Inf_0.2_1_1.wav,Anchor_Spectral_unIntelligible,0.2,"she called her brother, Randy",31,Anchor_Spectral_unIntelligible_0.2,1,0.0,0,S 0.2,limegreen
relaxed..voyage,2,filter_Inf_0.4_frm01_s28.wav,Spectral,0.4,The easygoing zoologist relaxed throughout the voyage,34,Spectral_0.4,1,0.0,42,S 0.4,forestgreen
I,1,filter_2_Inf_2_53.wav,Anchor_Temporal_unIntelligible,2,I may need to do something like that,37,Anchor_Temporal_unIntelligible_2,1,2.7777777777777777,5,T 2,lightsteelblue
charle do you think measure the tree,3,filter_Inf_0.5_frm01_s06.wav,Spectral,0.5,Charlie did you think to measure the tree,40,Spectral_0.5,1,12.195121951219512,91,S 0.5,darkgreen
for hours,2,filter_7_Inf_frm01_s19.wav,Temporal,7,Cory and Trish played tag with beach balls for hours,43,Temporal_7,1,3.8461538461538463,30,T 7,royalblue
I didn't know what to think of this fearsome woman,7,6_17.wav,Anchor_fullyIntelligible,0,I didn't know what to think of this fearsome woman,46,Anchor_fullyIntelligible_0,1,20.0,100,Full,coral
and re-decorating,2,filter_6.5_Inf_frm01_s30.wav,Temporal,6.5,How much will it cost to do any necessary modernizing and redecorating,49,Temporal_6.5,1,1.4285714285714286,34,T 6.5,cornflowerblue
#,1,filter_2_Inf_2_45.wav,Anchor_Temporal_unIntelligible,2,I do like parties though,52,Anchor_Temporal_unIntelligible_2,1,0.0,0,T 2,lightsteelblue
"I wouldn't sy i'm counting on it, but it could happen.",7,2_33.wav,Anchor_fullyIntelligible,0,I wouldn't say I'm counting on it but it could happen,55,Anchor_fullyIntelligible_0,1,15.09433962264151,99,Full,coral
carrying..like that,3,filter_7_Inf_frm01_s11.wav,Temporal,7,Don't ask me to carry an oily rag like that,58,Temporal_7,1,2.3255813953488373,52,T 7,royalblue
#,1,filter_Inf_0.2_1_10.wav,Anchor_Spectral_unIntelligible,0.2,The film brings out all the tensions and colors of the time,61,Anchor_Spectral_unIntelligible_0.2,1,0.0,0,S 0.2,limegreen
common,2,filter_6.5_Inf_frm01_s29.wav,Temporal,6.5,Brush fires are common in the dry underbrush of Nevada,64,Temporal_6.5,1,1.8518518518518516,20,T 6.5,cornflowerblue
If Carol comes tommorow have her arrangre a meeting for two,4,filter_Inf_0.4_frm01_s24.wav,Spectral,0.4,If Carol comes tomorrow have her arrange for a meeting at two,67,Spectral_0.4,1,14.754098360655737,95,S 0.4,forestgreen
We saw eight tiny bicycles below our roof,4,filter_Inf_0.4_frm01_s14.wav,Spectral,0.4,We saw eight tiny icicles below our roof,70,Spectral_0.4,1,17.5,81,S 0.4,forestgreen
to make a quicker escape,4,filter_Inf_0.5_frm01_s07.wav,Spectral,0.5,Tina got cued to make a quicker escape,73,Spectral_0.5,1,13.157894736842104,77,S 0.5,darkgreen
call an ambulance and then give assistance,4,filter_7_Inf_frm01_s13.wav,Temporal,7,Call an ambulance for medical assistance,76,Temporal_7,1,10.0,76,T 7,royalblue
#,1,filter_Inf_0.2_2_22.wav,Anchor_Spectral_unIntelligible,0.2,It seems like we would be wiser to act while the window is open,79,Anchor_Spectral_unIntelligible_0.2,1,0.0,0,S 0.2,limegreen
Everone's an influencer she says,7,1_74.wav,Anchor_fullyIntelligible,0,Everyone's an influencer shes says,82,Anchor_fullyIntelligible_0,1,8.823529411764707,97,Full,coral
Kindergarten children decorate their classrooms before the holidays,4,filter_Inf_0.5_frm01_s18.wav,Spectral,0.5,Kindergarten children decorate their classrooms for all holidays,85,Spectral_0.5,1,9.375,87,S 0.5,darkgreen
Alex's ability to wotk withour supervision is ,3,filter_Inf_0.4_frm01_s22.wav,Spectral,0.4,Alice's ability to work without supervision is noteworthy,88,Spectral_0.4,1,7.017543859649122,82,S 0.4,forestgreen
Here i was..annoying,3,filter_Inf_0.5_frm01_s09.wav,Spectral,0.5,Here I was in Miami and Illinois,91,Spectral_0.5,1,6.25,51,S 0.5,darkgreen
we should..physical appearance,3,filter_Inf_0.4_frm01_s31.wav,Spectral,0.4,Was she just naturally sloppy about everything but her physical appearance,94,Spectral_0.4,1,1.3513513513513513,49,S 0.4,forestgreen
#,1,filter_2_Inf_1_54.wav,Anchor_Temporal_unIntelligible,2,They married in 1965,97,Anchor_Temporal_unIntelligible_2,1,0.0,0,T 2,lightsteelblue
#,1,filter_2_Inf_2_6.wav,Anchor_Temporal_unIntelligible,2,That's the ultimate awesome thing,100,Anchor_Temporal_unIntelligible_2,1,0.0,0,T 2,lightsteelblue
Militay personnel are expected to obey government orders,5,filter_Inf_0.5_frm01_s25.wav,Spectral,0.5,Military personnel are expected to obey government orders,103,Spectral_0.5,1,12.280701754385964,99,S 0.5,darkgreen
She had your..all year,4,filter_Inf_0.5_frm01_s10.wav,Spectral,0.5,She had your dark suit in greasy wash water all year,106,Spectral_0.5,1,5.769230769230769,58,S 0.5,darkgreen
I hope i'm not being reductive?,7,6_41.wav,Anchor_fullyIntelligible,0,I hope I'm not beeing reductive,109,Anchor_fullyIntelligible_0,1,12.903225806451612,98,Full,coral
forgot when Rodger's teeth fell out,3,filter_Inf_0.5_frm01_s21.wav,Spectral,0.5,The tooth fairy forgot to come when Roger's tooth fell out,112,Spectral_0.5,1,6.896551724137931,71,S 0.5,darkgreen
She has no recollection of this phonecall,6,1_2.wav,Anchor_fullyIntelligible,0,she has no recollection ofthis phone call,115,Anchor_fullyIntelligible_0,1,9.75609756097561,78,Full,coral
And that was not right,7,2_54.wav,Anchor_fullyIntelligible,0,And that was not right,118,Anchor_fullyIntelligible_0,1,22.727272727272727,100,Full,coral
centrifuge,2,filter_Inf_0.4_frm01_s16.wav,Spectral,0.4,Jeff thought you argued in favor of a centrifuge purchase,121,Spectral_0.4,1,1.7543859649122806,30,S 0.4,forestgreen
superb sleeping pill,3,filter_6.5_Inf_frm01_s12.wav,Temporal,6.5,A boring novel is a superb sleeping pill,124,Temporal_6.5,1,7.5,67,T 6.5,cornflowerblue
street up ahead,3,filter_7_Inf_frm01_s03.wav,Temporal,7,Play in the street up ahead,127,Temporal_7,1,11.11111111111111,71,T 7,royalblue
If love is something you cherish,7,6_23.wav,Anchor_fullyIntelligible,0,If love is something you cherish,130,Anchor_fullyIntelligible_0,1,18.75,100,Full,coral
built embankment ground level,3,filter_6.5_Inf_frm01_s33.wav,Temporal,6.5,The same shelter could be built into an embankment or below ground level,133,Temporal_6.5,1,5.555555555555555,57,T 6.5,cornflowerblue
If it doesn't matter who wins why do we keep score,4,filter_6.5_Inf_frm01_s01.wav,Temporal,6.5,If it doesn't matter who wins why do we keep score,136,Temporal_6.5,1,22.0,100,T 6.5,cornflowerblue
They played anywhere they could draw a crowd,7,1_34.wav,Anchor_fullyIntelligible,0,They played anywhere they could draw a crowd,139,Anchor_fullyIntelligible_0,1,15.909090909090908,100,Full,coral
#,1,filter_Inf_0.2_2_21.wav,Anchor_Spectral_unIntelligible,0.2,The answer is in technology,142,Anchor_Spectral_unIntelligible_0.2,1,0.0,0,S 0.2,limegreen
each little,2,filter_7_Inf_frm01_s02.wav,Temporal,7,Stop each car if it's little,145,Temporal_7,1,7.142857142857142,56,T 7,royalblue
score,2,filter_6.5_Inf_frm01_s01.wav,Temporal,6.5,If it doesn't matter who wins why do we keep score,4,Temporal_6.5,2,2.0,18,T 6.5,cornflowerblue
caught speeding,2,filter_7_Inf_frm01_s04.wav,Temporal,7,A fifth wheel caught speeding,7,Temporal_7,2,6.896551724137931,68,T 7,royalblue
superb sleeping pill,2,filter_7_Inf_frm01_s12.wav,Temporal,7,A boring novel is a superb sleeping pill,10,Temporal_7,2,7.5,67,T 7,royalblue
#,1,filter_Inf_0.4_frm01_s09.wav,Spectral,0.4,Here I was in Miami and Illinois,13,Spectral_0.4,2,0.0,0,S 0.4,forestgreen
#,1,filter_2_Inf_1_74.wav,Anchor_Temporal_unIntelligible,2,Everyone's an influencer shes says,16,Anchor_Temporal_unIntelligible_2,2,0.0,0,T 2,lightsteelblue
#,1,filter_6.5_Inf_frm01_s21.wav,Temporal,6.5,The tooth fairy forgot to come when Roger's tooth fell out,19,Temporal_6.5,2,0.0,0,T 6.5,cornflowerblue
laugh dance and sing if fortune smiles upon you,3,filter_Inf_0.5_frm01_s26.wav,Spectral,0.5,Laugh dance and sing if fortune smiles upon you,22,Spectral_0.5,2,19.148936170212767,100,S 0.5,darkgreen
I hope I'm not being reductive,7,6_41.wav,Anchor_fullyIntelligible,0,I hope I'm not beeing reductive,25,Anchor_fullyIntelligible_0,2,16.129032258064516,98,Full,coral
"If # comes tomorrow, # arrange for a meeting at two",2,filter_Inf_0.5_frm01_s24.wav,Spectral,0.5,If Carol comes tomorrow have her arrange for a meeting at two,28,Spectral_0.5,2,13.114754098360656,86,S 0.5,darkgreen
"the fish began to # frantically, on the surface of the small lake",3,filter_Inf_0.4_frm01_s27.wav,Spectral,0.4,The fish began to leap frantically on the surface of the small lake,31,Spectral_0.4,2,13.432835820895523,96,S 0.4,forestgreen
played tag with beach ball for hours,2,filter_Inf_0.5_frm01_s19.wav,Spectral,0.5,Cory and Trish played tag with beach balls for hours,34,Spectral_0.5,2,11.538461538461538,82,S 0.5,darkgreen
coincided with the breakdown of a heating system part,2,filter_Inf_0.4_frm01_s15.wav,Spectral,0.4,Each untimely income loss coincided with the breakdown of a heating system part,37,Spectral_0.4,2,11.39240506329114,80,S 0.4,forestgreen
I do like parties though,7,2_45.wav,Anchor_fullyIntelligible,0,I do like parties though,40,Anchor_fullyIntelligible_0,2,20.833333333333336,100,Full,coral
#,1,filter_2_Inf_6_17.wav,Anchor_Temporal_unIntelligible,2,I didn't know what to think of this fearsome woman,43,Anchor_Temporal_unIntelligible_2,2,0.0,0,T 2,lightsteelblue
#,1,filter_2_Inf_1_11.wav,Anchor_Temporal_unIntelligible,2,She has always loved history,46,Anchor_Temporal_unIntelligible_2,2,0.0,0,T 2,lightsteelblue
They played anywhere they could draw a crowd,7,1_34.wav,Anchor_fullyIntelligible,0,They played anywhere they could draw a crowd,49,Anchor_fullyIntelligible_0,2,15.909090909090908,100,Full,coral
street up ahead,2,filter_Inf_0.5_frm01_s03.wav,Spectral,0.5,Play in the street up ahead,52,Spectral_0.5,2,11.11111111111111,71,S 0.5,darkgreen
#,1,filter_7_Inf_frm01_s02.wav,Temporal,7,Stop each car if it's little,55,Temporal_7,2,0.0,0,T 7,royalblue
#,1,filter_Inf_0.2_2_22.wav,Anchor_Spectral_unIntelligible,0.2,It seems like we would be wiser to act while the window is open,58,Anchor_Spectral_unIntelligible_0.2,2,0.0,0,S 0.2,limegreen
like that,2,filter_7_Inf_frm01_s11.wav,Temporal,7,Don't ask me to carry an oily rag like that,61,Temporal_7,2,4.651162790697675,35,T 7,royalblue
tiny bicycle # our roof,2,filter_Inf_0.4_frm01_s14.wav,Spectral,0.4,We saw eight tiny icicles below our roof,64,Spectral_0.4,2,7.5,66,S 0.4,forestgreen
the same shelter could be built into an embankment or below ground level,3,filter_Inf_0.5_frm01_s33.wav,Spectral,0.5,The same shelter could be built into an embankment or below ground level,67,Spectral_0.5,2,18.055555555555554,100,S 0.5,darkgreen
special task forces rescue hostages from kidnappers,3,filter_Inf_0.4_frm01_s23.wav,Spectral,0.4,Special task forces rescue hostages from kidnappers,70,Spectral_0.4,2,13.725490196078432,100,S 0.4,forestgreen
#,1,filter_6.5_Inf_frm01_s08.wav,Temporal,6.5,Joe books very few judges,73,Temporal_6.5,2,0.0,0,T 6.5,cornflowerblue
#,1,filter_Inf_0.2_2_38.wav,Anchor_Spectral_unIntelligible,0.2,The same will happen in other countries,76,Anchor_Spectral_unIntelligible_0.2,2,0.0,0,S 0.2,limegreen
We were a team and we helped each other,7,1_37.wav,Anchor_fullyIntelligible,0,We were a team and we helped each other,79,Anchor_fullyIntelligible_0,2,20.51282051282051,100,Full,coral
"children, classrooms, all holidays",2,filter_7_Inf_frm01_s18.wav,Temporal,7,Kindergarten children decorate their classrooms for all holidays,82,Temporal_7,2,3.125,67,T 7,royalblue
If love is something you cherish,7,6_23.wav,Anchor_fullyIntelligible,0,If love is something you cherish,85,Anchor_fullyIntelligible_0,2,18.75,100,Full,coral
"relax, atmosphere, outgrow these traits",2,filter_7_Inf_frm01_s32.wav,Temporal,7,Is a relaxed home atmosphere enough to help her outgrow these traits,88,Temporal_7,2,4.411764705882353,70,T 7,royalblue
"she had, all year",2,filter_7_Inf_frm01_s10.wav,Temporal,7,She had your dark suit in greasy wash water all year,91,Temporal_7,2,5.769230769230769,47,T 7,royalblue
#,1,filter_Inf_0.2_2_21.wav,Anchor_Spectral_unIntelligible,0.2,The answer is in technology,94,Anchor_Spectral_unIntelligible_0.2,2,0.0,0,S 0.2,limegreen
work without supervision,2,filter_6.5_Inf_frm01_s22.wav,Temporal,6.5,Alice's ability to work without supervision is noteworthy,97,Temporal_6.5,2,5.263157894736842,59,T 6.5,cornflowerblue
#,1,filter_Inf_0.2_2_54.wav,Anchor_Spectral_unIntelligible,0.2,And that was not right,100,Anchor_Spectral_unIntelligible_0.2,2,0.0,0,S 0.2,limegreen
how much will it cost to do any necessary modernising and redecorating,2,filter_Inf_0.4_frm01_s30.wav,Spectral,0.4,How much will it cost to do any necessary modernizing and redecorating,103,Spectral_0.4,2,15.714285714285714,99,S 0.4,forestgreen
you think,2,filter_6.5_Inf_frm01_s06.wav,Temporal,6.5,Charlie did you think to measure the tree,106,Temporal_6.5,2,4.878048780487805,36,T 6.5,cornflowerblue
It was quite a bit better. I liked it.,7,2_46.wav,Anchor_fullyIntelligible,0,It was quite a bit better I liked it,109,Anchor_fullyIntelligible_0,2,19.444444444444446,100,Full,coral
"Call an ambulance, medical assistance",2,filter_Inf_0.5_frm01_s13.wav,Spectral,0.5,Call an ambulance for medical assistance,112,Spectral_0.5,2,10.0,95,S 0.5,darkgreen
relax throughout the voyage,2,filter_Inf_0.4_frm01_s28.wav,Spectral,0.4,The easygoing zoologist relaxed throughout the voyage,115,Spectral_0.4,2,5.660377358490567,68,S 0.4,forestgreen
brush fires are common in the dry underbrush of Nevada,2,filter_Inf_0.4_frm01_s29.wav,Spectral,0.4,Brush fires are common in the dry underbrush of Nevada,118,Spectral_0.4,2,18.51851851851852,100,S 0.4,forestgreen
#,1,filter_2_Inf_1_10.wav,Anchor_Temporal_unIntelligible,2,The film brings out all the tensions and colors of the time,121,Anchor_Temporal_unIntelligible_2,2,0.0,0,T 2,lightsteelblue
subdued by his big brother,2,filter_7_Inf_frm01_s20.wav,Temporal,7,The frightened child was gently subdued by his big brother,124,Temporal_7,2,8.620689655172415,62,T 7,royalblue
quicker escape,2,filter_6.5_Inf_frm01_s07.wav,Temporal,6.5,Tina got cued to make a quicker escape,127,Temporal_6.5,2,5.263157894736842,54,T 6.5,cornflowerblue
military personnel are expected to obey government orders,3,filter_Inf_0.5_frm01_s25.wav,Spectral,0.5,Military personnel are expected to obey government orders,130,Spectral_0.5,2,14.035087719298245,100,S 0.5,darkgreen
They married in 1965,7,1_54.wav,Anchor_fullyIntelligible,0,They married in 1965,133,Anchor_fullyIntelligible_0,2,20.0,100,Full,coral
in favour of centrifuge,2,filter_6.5_Inf_frm01_s16.wav,Temporal,6.5,Jeff thought you argued in favor of a centrifuge purchase,136,Temporal_6.5,2,5.263157894736842,55,T 6.5,cornflowerblue
the sermon emphasised the need for affirmative action,3,filter_Inf_0.5_frm01_s17.wav,Spectral,0.5,The sermon emphasized the need for afirmative action,139,Spectral_0.5,2,9.615384615384617,97,S 0.5,darkgreen
"naturally, everything, physical appearance",2,filter_6.5_Inf_frm01_s31.wav,Temporal,6.5,Was she just naturally sloppy about everything but her physical appearance,142,Temporal_6.5,2,2.7027027027027026,70,T 6.5,cornflowerblue
She has no recollection of this phone call,6,1_2.wav,Anchor_fullyIntelligible,0,she has no recollection ofthis phone call,145,Anchor_fullyIntelligible_0,2,14.634146341463413,89,Full,coral
Charlie do the resolute tree,3,filter_Inf_0.5_frm01_s06.wav,Spectral,0.5,Charlie did you think to measure the tree,4,Spectral_0.5,3,7.317073170731707,67,S 0.5,darkgreen
"heating system,  caught, breakdown",2,filter_Inf_0.5_frm01_s15.wav,Spectral,0.5,Each untimely income loss coincided with the breakdown of a heating system part,7,Spectral_0.5,3,2.5316455696202533,51,S 0.5,darkgreen
I may need to do something like that,7,2_53.wav,Anchor_fullyIntelligible,0,I may need to do something like that,10,Anchor_fullyIntelligible_0,3,22.22222222222222,100,Full,coral
this is a superb sleeping pillow,2,filter_Inf_0.5_frm01_s12.wav,Spectral,0.5,A boring novel is a superb sleeping pill,13,Spectral_0.5,3,10.0,69,S 0.5,darkgreen
#,1,filter_2_Inf_1_11.wav,Anchor_Temporal_unIntelligible,2,She has always loved history,16,Anchor_Temporal_unIntelligible_2,3,0.0,0,T 2,lightsteelblue
it has been about two years,3,filter_6.5_Inf_frm01_s05.wav,Temporal,6.5,It's been about two years since Davey kept shotguns,19,Temporal_6.5,3,7.8431372549019605,64,T 6.5,cornflowerblue
here was my ,3,filter_7_Inf_frm01_s09.wav,Temporal,7,Here I was in Miami and Illinois,22,Temporal_7,3,6.25,47,T 7,royalblue
speeding,2,filter_7_Inf_frm01_s04.wav,Temporal,7,A fifth wheel caught speeding,25,Temporal_7,3,3.4482758620689653,43,T 7,royalblue
#,1,filter_Inf_0.2_1_1.wav,Anchor_Spectral_unIntelligible,0.2,"she called her brother, Randy",28,Anchor_Spectral_unIntelligible_0.2,3,0.0,0,S 0.2,limegreen
how expensive was it to do modernising and redecorating ,4,filter_Inf_0.5_frm01_s30.wav,Spectral,0.5,How much will it cost to do any necessary modernizing and redecorating,31,Spectral_0.5,3,8.571428571428571,67,S 0.5,darkgreen
that's the ultimate awesome thing,7,2_6.wav,Anchor_fullyIntelligible,0,That's the ultimate awesome thing,34,Anchor_fullyIntelligible_0,3,15.151515151515152,100,Full,coral
#,1,filter_7_Inf_frm01_s08.wav,Temporal,7,Joe books very few judges,37,Temporal_7,3,0.0,0,T 7,royalblue
#,1,filter_Inf_0.4_frm01_s29.wav,Spectral,0.4,Brush fires are common in the dry underbrush of Nevada,40,Spectral_0.4,3,0.0,0,S 0.4,forestgreen
decorate classrooms for all holidays,2,filter_7_Inf_frm01_s18.wav,Temporal,7,Kindergarten children decorate their classrooms for all holidays,43,Temporal_7,3,7.8125,72,T 7,royalblue
#,1,filter_Inf_0.4_frm01_s10.wav,Spectral,0.4,She had your dark suit in greasy wash water all year,46,Spectral_0.4,3,0.0,0,S 0.4,forestgreen
up ahead,2,filter_6.5_Inf_frm01_s03.wav,Temporal,6.5,Play in the street up ahead,49,Temporal_6.5,3,7.4074074074074066,46,T 6.5,cornflowerblue
laugh dance and sing,3,filter_Inf_0.5_frm01_s26.wav,Spectral,0.5,Laugh dance and sing if fortune smiles upon you,52,Spectral_0.5,3,8.51063829787234,60,S 0.5,darkgreen
#,1,filter_2_Inf_2_45.wav,Anchor_Temporal_unIntelligible,2,I do like parties though,55,Anchor_Temporal_unIntelligible_2,3,0.0,0,T 2,lightsteelblue
#,1,filter_Inf_0.2_6_23.wav,Anchor_Spectral_unIntelligible,0.2,If love is something you cherish,58,Anchor_Spectral_unIntelligible_0.2,3,0.0,0,S 0.2,limegreen
they married in 1965,7,1_54.wav,Anchor_fullyIntelligible,0,They married in 1965,61,Anchor_fullyIntelligible_0,3,20.0,100,Full,coral
the same shelter can be built at embankment or below ground level,5,filter_7_Inf_frm01_s33.wav,Temporal,7,The same shelter could be built into an embankment or below ground level,64,Temporal_7,3,13.88888888888889,91,T 7,royalblue
stop it car,3,filter_Inf_0.4_frm01_s02.wav,Spectral,0.4,Stop each car if it's little,67,Spectral_0.4,3,7.142857142857142,56,S 0.4,forestgreen
and that was not right,7,2_54.wav,Anchor_fullyIntelligible,0,And that was not right,70,Anchor_fullyIntelligible_0,3,22.727272727272727,100,Full,coral
"it was quite a bit better, I liked it",7,2_46.wav,Anchor_fullyIntelligible,0,It was quite a bit better I liked it,73,Anchor_fullyIntelligible_0,3,19.444444444444446,100,Full,coral
#,1,filter_2_Inf_1_34.wav,Anchor_Temporal_unIntelligible,2,They played anywhere they could draw a crowd,76,Anchor_Temporal_unIntelligible_2,3,0.0,0,T 2,lightsteelblue
it is very teeth fell out,2,filter_Inf_0.5_frm01_s21.wav,Spectral,0.5,The tooth fairy forgot to come when Roger's tooth fell out,79,Spectral_0.5,3,3.4482758620689653,41,S 0.5,darkgreen
personnel follow government orders,2,filter_Inf_0.4_frm01_s25.wav,Spectral,0.4,Military personnel are expected to obey government orders,82,Spectral_0.4,3,5.263157894736842,62,S 0.4,forestgreen
the servant exercised the need for affirmative action ,4,filter_7_Inf_frm01_s17.wav,Temporal,7,The sermon emphasized the need for afirmative action,85,Temporal_7,3,7.6923076923076925,84,T 7,royalblue
don't ask me to carry around like that,4,filter_6.5_Inf_frm01_s11.wav,Temporal,6.5,Don't ask me to carry an oily rag like that,88,Temporal_6.5,3,16.27906976744186,84,T 6.5,cornflowerblue
escape,2,filter_7_Inf_frm01_s07.wav,Temporal,7,Tina got cued to make a quicker escape,91,Temporal_7,3,2.631578947368421,27,T 7,royalblue
the easy throughout the voyage,2,filter_6.5_Inf_frm01_s28.wav,Temporal,6.5,The easygoing zoologist relaxed throughout the voyage,94,Temporal_6.5,3,5.660377358490567,72,T 6.5,cornflowerblue
child is subdued by his big brother,2,filter_Inf_0.4_frm01_s20.wav,Spectral,0.4,The frightened child was gently subdued by his big brother,97,Spectral_0.4,3,10.344827586206897,71,S 0.4,forestgreen
we saw eight tiny icicles on the roof ,4,filter_6.5_Inf_frm01_s14.wav,Temporal,6.5,We saw eight tiny icicles below our roof,100,Temporal_6.5,3,15.0,83,T 6.5,cornflowerblue
#,1,filter_2_Inf_1_37.wav,Anchor_Temporal_unIntelligible,2,We were a team and we helped each other,103,Anchor_Temporal_unIntelligible_2,3,0.0,0,T 2,lightsteelblue
if carol calls tomorrow rearrange the meeting for two,4,filter_7_Inf_frm01_s24.wav,Temporal,7,If Carol comes tomorrow have her arrange for a meeting at two,106,Temporal_7,3,9.836065573770492,61,T 7,royalblue
this is the right thing to do,7,1_73.wav,Anchor_fullyIntelligible,0,This is the right thing to do,109,Anchor_fullyIntelligible_0,3,24.137931034482758,100,Full,coral
I hope I am not being reductive ,7,6_41.wav,Anchor_fullyIntelligible,0,I hope I'm not beeing reductive,112,Anchor_fullyIntelligible_0,3,12.903225806451612,90,Full,coral
just in favour of centrifuge purchase,3,filter_Inf_0.5_frm01_s16.wav,Spectral,0.5,Jeff thought you argued in favor of a centrifuge purchase,115,Spectral_0.5,3,7.017543859649122,70,S 0.5,darkgreen
they decided to do it anyway,7,1_33.wav,Anchor_fullyIntelligible,0,They decided to do it anyway,118,Anchor_fullyIntelligible_0,3,21.428571428571427,100,Full,coral
work without supervision is note worthy,3,filter_Inf_0.4_frm01_s22.wav,Spectral,0.4,Alice's ability to work without supervision is noteworthy,121,Spectral_0.4,3,7.017543859649122,67,S 0.4,forestgreen
#,1,filter_Inf_0.2_2_38.wav,Anchor_Spectral_unIntelligible,0.2,The same will happen in other countries,124,Anchor_Spectral_unIntelligible_0.2,3,0.0,0,S 0.2,limegreen
#,1,filter_Inf_0.2_1_10.wav,Anchor_Spectral_unIntelligible,0.2,The film brings out all the tensions and colors of the time,127,Anchor_Spectral_unIntelligible_0.2,3,0.0,0,S 0.2,limegreen
"it doesn't matter who wins, why do we take score",4,filter_6.5_Inf_frm01_s01.wav,Temporal,6.5,If it doesn't matter who wins why do we keep score,130,Temporal_6.5,3,16.0,87,T 6.5,cornflowerblue
there is a relaxed atmosphere traits,3,filter_Inf_0.4_frm01_s32.wav,Spectral,0.4,Is a relaxed home atmosphere enough to help her outgrow these traits,133,Spectral_0.4,3,7.352941176470589,67,S 0.4,forestgreen
call and ambulance for medical assistance ,4,filter_Inf_0.5_frm01_s13.wav,Spectral,0.5,Call an ambulance for medical assistance,136,Spectral_0.5,3,12.5,99,S 0.5,darkgreen
special task forces rescue from kidnappers ,4,filter_6.5_Inf_frm01_s23.wav,Temporal,6.5,Special task forces rescue hostages from kidnappers,139,Temporal_6.5,3,11.76470588235294,90,T 6.5,cornflowerblue
physical appearance,2,filter_6.5_Inf_frm01_s31.wav,Temporal,6.5,Was she just naturally sloppy about everything but her physical appearance,142,Temporal_6.5,3,2.7027027027027026,41,T 6.5,cornflowerblue
face small lake,2,filter_Inf_0.4_frm01_s27.wav,Spectral,0.4,The fish began to leap frantically on the surface of the small lake,145,Spectral_0.4,3,2.9850746268656714,34,S 0.4,forestgreen
special task forces rescue half decent kidnappers,3,filter_Inf_0.5_frm01_s23.wav,Spectral,0.5,Special task forces rescue hostages from kidnappers,4,Spectral_0.5,4,9.803921568627452,80,S 0.5,darkgreen
work without supervision is not,2,filter_Inf_0.4_frm01_s22.wav,Spectral,0.4,Alice's ability to work without supervision is noteworthy,7,Spectral_0.4,4,7.017543859649122,70,S 0.4,forestgreen
she had dark water bottle all year,2,filter_Inf_0.5_frm01_s10.wav,Spectral,0.5,She had your dark suit in greasy wash water all year,10,Spectral_0.5,4,11.538461538461538,63,S 0.5,darkgreen
how much would it cost to do any required modernising and redecorating,3,filter_Inf_0.4_frm01_s30.wav,Spectral,0.4,How much will it cost to do any necessary modernizing and redecorating,13,Spectral_0.4,4,12.857142857142856,81,S 0.4,forestgreen
i hope I'm not being reductive,7,6_41.wav,Anchor_fullyIntelligible,0,I hope I'm not beeing reductive,16,Anchor_fullyIntelligible_0,4,16.129032258064516,98,Full,coral
#,1,filter_Inf_0.4_frm01_s29.wav,Spectral,0.4,Brush fires are common in the dry underbrush of Nevada,19,Spectral_0.4,4,0.0,0,S 0.4,forestgreen
"I wouldn't say I'm counting on it, but it could happen",7,2_33.wav,Anchor_fullyIntelligible,0,I wouldn't say I'm counting on it but it could happen,22,Anchor_fullyIntelligible_0,4,18.867924528301888,100,Full,coral
#,1,filter_2_Inf_2_45.wav,Anchor_Temporal_unIntelligible,2,I do like parties though,25,Anchor_Temporal_unIntelligible_2,4,0.0,0,T 2,lightsteelblue
income loss breakdown heating system path,3,filter_6.5_Inf_frm01_s15.wav,Temporal,6.5,Each untimely income loss coincided with the breakdown of a heating system part,28,Temporal_6.5,4,6.329113924050633,67,T 6.5,cornflowerblue
call an ambulance for medical assistance,4,filter_7_Inf_frm01_s13.wav,Temporal,7,Call an ambulance for medical assistance,31,Temporal_7,4,15.0,100,T 7,royalblue
here it was Miami Illinois,3,filter_6.5_Inf_frm01_s09.wav,Temporal,6.5,Here I was in Miami and Illinois,34,Temporal_6.5,4,12.5,86,T 6.5,cornflowerblue
"If Karen comes tomorrow, have her arrange for a meeting at two",3,filter_Inf_0.5_frm01_s24.wav,Spectral,0.5,If Carol comes tomorrow have her arrange for a meeting at two,37,Spectral_0.5,4,16.39344262295082,90,S 0.5,darkgreen
#,1,filter_2_Inf_1_34.wav,Anchor_Temporal_unIntelligible,2,They played anywhere they could draw a crowd,40,Anchor_Temporal_unIntelligible_2,4,0.0,0,T 2,lightsteelblue
We saw eight tiny icicles on our roof,4,filter_6.5_Inf_frm01_s14.wav,Temporal,6.5,We saw eight tiny icicles below our roof,43,Temporal_6.5,4,17.5,88,T 6.5,cornflowerblue
The fish began to beat frantically on the surface of the small lake,4,filter_Inf_0.4_frm01_s27.wav,Spectral,0.4,The fish began to leap frantically on the surface of the small lake,46,Spectral_0.4,4,14.925373134328357,93,S 0.4,forestgreen
naturally talk about everything physical appearance,4,filter_7_Inf_frm01_s31.wav,Temporal,7,Was she just naturally sloppy about everything but her physical appearance,49,Temporal_7,4,6.756756756756757,77,T 7,royalblue
another one bites the dust,2,filter_Inf_0.2_6_22.wav,Anchor_Spectral_unIntelligible,0.2,Another bites the dust,52,Anchor_Spectral_unIntelligible_0.2,4,18.181818181818183,92,S 0.2,limegreen
we were a team and we helped each other,7,1_37.wav,Anchor_fullyIntelligible,0,We were a team and we helped each other,55,Anchor_fullyIntelligible_0,4,20.51282051282051,100,Full,coral
superb sleeping pill,2,filter_Inf_0.5_frm01_s12.wav,Spectral,0.5,A boring novel is a superb sleeping pill,58,Spectral_0.5,4,7.5,67,S 0.5,darkgreen
don't ask me to carry a heavy rug like that,2,filter_Inf_0.4_frm01_s11.wav,Spectral,0.4,Don't ask me to carry an oily rag like that,61,Spectral_0.4,4,16.27906976744186,84,S 0.4,forestgreen
stop each car in the middle,2,filter_7_Inf_frm01_s02.wav,Temporal,7,Stop each car if it's little,64,Temporal_7,4,10.714285714285714,69,T 7,royalblue
the easy relaxed throughout the voyage,3,filter_7_Inf_frm01_s28.wav,Temporal,7,The easygoing zoologist relaxed throughout the voyage,67,Temporal_7,4,7.547169811320755,84,T 7,royalblue
played with beach balls for hours,3,filter_7_Inf_frm01_s19.wav,Temporal,7,Cory and Trish played tag with beach balls for hours,70,Temporal_7,4,11.538461538461538,78,T 7,royalblue
everyone's an influencer she says,7,1_74.wav,Anchor_fullyIntelligible,0,Everyone's an influencer shes says,73,Anchor_fullyIntelligible_0,4,11.76470588235294,99,Full,coral
to make a quicker escape,5,filter_7_Inf_frm01_s07.wav,Temporal,7,Tina got cued to make a quicker escape,76,Temporal_7,4,13.157894736842104,77,T 7,royalblue
the frightened child was subdued by his big brother,4,filter_6.5_Inf_frm01_s20.wav,Temporal,6.5,The frightened child was gently subdued by his big brother,79,Temporal_6.5,4,15.517241379310345,94,T 6.5,cornflowerblue
this is the,1,filter_Inf_0.2_1_73.wav,Anchor_Spectral_unIntelligible,0.2,This is the right thing to do,82,Anchor_Spectral_unIntelligible_0.2,4,10.344827586206897,55,S 0.2,limegreen
it seems like we'd be wise to act while the window was open,7,2_22.wav,Anchor_fullyIntelligible,0,It seems like we would be wiser to act while the window is open,85,Anchor_fullyIntelligible_0,4,15.873015873015872,89,Full,coral
science and technology,1,filter_Inf_0.2_2_21.wav,Anchor_Spectral_unIntelligible,0.2,The answer is in technology,88,Anchor_Spectral_unIntelligible_0.2,4,3.7037037037037033,65,S 0.2,limegreen
Johnny do you think tree,1,filter_Inf_0.5_frm01_s06.wav,Spectral,0.5,Charlie did you think to measure the tree,91,Spectral_0.5,4,7.317073170731707,55,S 0.5,darkgreen
#,1,filter_2_Inf_6_23.wav,Anchor_Temporal_unIntelligible,2,If love is something you cherish,94,Anchor_Temporal_unIntelligible_2,4,0.0,0,T 2,lightsteelblue
#,1,filter_Inf_0.2_1_11.wav,Anchor_Spectral_unIntelligible,0.2,She has always loved history,97,Anchor_Spectral_unIntelligible_0.2,4,0.0,0,S 0.2,limegreen
sheltered embankment ground level,1,filter_Inf_0.4_frm01_s33.wav,Spectral,0.4,The same shelter could be built into an embankment or below ground level,100,Spectral_0.4,4,4.166666666666666,61,S 0.4,forestgreen
the same will happen in other countries,7,2_38.wav,Anchor_fullyIntelligible,0,The same will happen in other countries,103,Anchor_fullyIntelligible_0,4,17.94871794871795,100,Full,coral
they married in 1965,7,1_54.wav,Anchor_fullyIntelligible,0,They married in 1965,106,Anchor_fullyIntelligible_0,4,20.0,100,Full,coral
it doesn't matter who wins. Why do we keep score,7,filter_6.5_Inf_frm01_s01.wav,Temporal,6.5,If it doesn't matter who wins why do we keep score,109,Temporal_6.5,4,18.0,97,T 6.5,cornflowerblue
very few chapters,4,filter_6.5_Inf_frm01_s08.wav,Temporal,6.5,Joe books very few judges,112,Temporal_6.5,4,8.0,48,T 6.5,cornflowerblue
children decorate their classrooms for all holidays,4,filter_7_Inf_frm01_s18.wav,Temporal,7,Kindergarten children decorate their classrooms for all holidays,115,Temporal_7,4,10.9375,89,T 7,royalblue
military personnel are expected to obey government orders,5,filter_Inf_0.5_frm01_s25.wav,Spectral,0.5,Military personnel are expected to obey government orders,118,Spectral_0.5,4,14.035087719298245,100,S 0.5,darkgreen
relax her atmosphere enough to help her outgrow these traits,4,filter_7_Inf_frm01_s32.wav,Temporal,7,Is a relaxed home atmosphere enough to help her outgrow these traits,121,Temporal_7,4,11.76470588235294,92,T 7,royalblue
they decided to do it anyway,7,1_33.wav,Anchor_fullyIntelligible,0,They decided to do it anyway,124,Anchor_fullyIntelligible_0,4,21.428571428571427,100,Full,coral
caught speeding,2,filter_Inf_0.4_frm01_s04.wav,Spectral,0.4,A fifth wheel caught speeding,127,Spectral_0.4,4,6.896551724137931,68,S 0.4,forestgreen
up ahead,2,filter_6.5_Inf_frm01_s03.wav,Temporal,6.5,Play in the street up ahead,130,Temporal_6.5,4,7.4074074074074066,46,T 6.5,cornflowerblue
#,1,filter_2_Inf_2_54.wav,Anchor_Temporal_unIntelligible,2,And that was not right,133,Anchor_Temporal_unIntelligible_2,4,0.0,0,T 2,lightsteelblue
the tooth fairy tooth out,4,filter_6.5_Inf_frm01_s21.wav,Temporal,6.5,The tooth fairy forgot to come when Roger's tooth fell out,136,Temporal_6.5,4,6.896551724137931,60,T 6.5,cornflowerblue
laugh dance and sing if fortune smiles upon you,3,filter_Inf_0.5_frm01_s26.wav,Spectral,0.5,Laugh dance and sing if fortune smiles upon you,139,Spectral_0.5,4,19.148936170212767,100,S 0.5,darkgreen
the need for affirmative action,3,filter_Inf_0.4_frm01_s17.wav,Spectral,0.4,The sermon emphasized the need for afirmative action,142,Spectral_0.4,4,7.6923076923076925,72,S 0.4,forestgreen
it's been about two years since david kept shotguns,4,filter_Inf_0.5_frm01_s05.wav,Spectral,0.5,It's been about two years since Davey kept shotguns,145,Spectral_0.5,4,15.686274509803921,96,S 0.5,darkgreen
#,1,filter_Inf_0.5_frm01_s12.wav,Spectral,0.5,A boring novel is a superb sleeping pill,4,Spectral_0.5,5,0.0,0,S 0.5,darkgreen
neccesary decorations,1,filter_Inf_0.5_frm01_s30.wav,Spectral,0.5,How much will it cost to do any necessary modernizing and redecorating,7,Spectral_0.5,5,0.0,35,S 0.5,darkgreen
brush,1,filter_Inf_0.5_frm01_s29.wav,Spectral,0.5,Brush fires are common in the dry underbrush of Nevada,10,Spectral_0.5,5,1.8518518518518516,17,S 0.5,darkgreen
#,1,filter_Inf_0.4_frm01_s27.wav,Spectral,0.4,The fish began to leap frantically on the surface of the small lake,13,Spectral_0.4,5,0.0,0,S 0.4,forestgreen
#,1,filter_6.5_Inf_frm01_s06.wav,Temporal,6.5,Charlie did you think to measure the tree,16,Temporal_6.5,5,0.0,0,T 6.5,cornflowerblue
smiles upon you,1,filter_Inf_0.5_frm01_s26.wav,Spectral,0.5,Laugh dance and sing if fortune smiles upon you,19,Spectral_0.5,5,6.382978723404255,48,S 0.5,darkgreen
difficult very,1,filter_Inf_0.5_frm01_s21.wav,Spectral,0.5,The tooth fairy forgot to come when Roger's tooth fell out,22,Spectral_0.5,5,0.0,22,S 0.5,darkgreen
#,2,filter_7_Inf_frm01_s15.wav,Temporal,7,Each untimely income loss coincided with the breakdown of a heating system part,25,Temporal_7,5,0.0,0,T 7,royalblue
children decorate classrooms following days their,2,filter_Inf_0.5_frm01_s18.wav,Spectral,0.5,Kindergarten children decorate their classrooms for all holidays,28,Spectral_0.5,5,6.25,73,S 0.5,darkgreen
anywhere they could draw a crowd,7,1_34.wav,Anchor_fullyIntelligible,0,They played anywhere they could draw a crowd,31,Anchor_fullyIntelligible_0,5,13.636363636363635,84,Full,coral
for hours,3,filter_7_Inf_frm01_s19.wav,Temporal,7,Cory and Trish played tag with beach balls for hours,34,Temporal_7,5,3.8461538461538463,30,T 7,royalblue
for our,2,filter_6.5_Inf_frm01_s14.wav,Temporal,6.5,We saw eight tiny icicles below our roof,37,Temporal_6.5,5,2.5,21,T 6.5,cornflowerblue
she called her brother Randy,7,1_1.wav,Anchor_fullyIntelligible,0,"she called her brother, Randy",40,Anchor_fullyIntelligible_0,5,13.793103448275861,100,Full,coral
ahead,2,filter_7_Inf_frm01_s03.wav,Temporal,7,Play in the street up ahead,43,Temporal_7,5,3.7037037037037033,31,T 7,royalblue
special task forces rescue hostages from kidnappers,5,filter_Inf_0.4_frm01_s23.wav,Spectral,0.4,Special task forces rescue hostages from kidnappers,46,Spectral_0.4,5,13.725490196078432,100,S 0.4,forestgreen
charge decision,2,filter_7_Inf_frm01_s02.wav,Temporal,7,Stop each car if it's little,49,Temporal_7,5,0.0,42,T 7,royalblue
they married in 1965,7,1_54.wav,Anchor_fullyIntelligible,0,They married in 1965,52,Anchor_fullyIntelligible_0,5,20.0,100,Full,coral
the same will happen in other countries,7,2_38.wav,Anchor_fullyIntelligible,0,The same will happen in other countries,55,Anchor_fullyIntelligible_0,5,17.94871794871795,100,Full,coral
dancing all year,4,filter_6.5_Inf_frm01_s10.wav,Temporal,6.5,She had your dark suit in greasy wash water all year,58,Temporal_6.5,5,3.8461538461538463,38,T 6.5,cornflowerblue
#,1,filter_2_Inf_2_53.wav,Anchor_Temporal_unIntelligible,2,I may need to do something like that,61,Anchor_Temporal_unIntelligible_2,5,0.0,0,T 2,lightsteelblue
#,1,filter_Inf_0.2_2_45.wav,Anchor_Spectral_unIntelligible,0.2,I do like parties though,64,Anchor_Spectral_unIntelligible_0.2,5,0.0,0,S 0.2,limegreen
#,1,filter_Inf_0.4_frm01_s04.wav,Spectral,0.4,A fifth wheel caught speeding,67,Spectral_0.4,5,0.0,0,S 0.4,forestgreen
the same shelter can be build environment,3,filter_Inf_0.4_frm01_s33.wav,Spectral,0.4,The same shelter could be built into an embankment or below ground level,70,Spectral_0.4,5,5.555555555555555,62,S 0.4,forestgreen
"I wouldn't say I am counting on it, but it could happen",7,2_33.wav,Anchor_fullyIntelligible,0,I wouldn't say I'm counting on it but it could happen,73,Anchor_fullyIntelligible_0,5,16.9811320754717,95,Full,coral
#,1,filter_Inf_0.5_frm01_s11.wav,Spectral,0.5,Don't ask me to carry an oily rag like that,76,Spectral_0.5,5,0.0,0,S 0.5,darkgreen
tomorrow arranged for a meeting with,4,filter_Inf_0.4_frm01_s24.wav,Spectral,0.4,If Carol comes tomorrow have her arrange for a meeting at two,79,Spectral_0.4,5,6.557377049180328,66,S 0.4,forestgreen
"if it doesn't matter who wins, why do we keep score",5,filter_Inf_0.5_frm01_s01.wav,Spectral,0.5,If it doesn't matter who wins why do we keep score,82,Spectral_0.5,5,20.0,100,S 0.5,darkgreen
#,1,filter_Inf_0.2_1_73.wav,Anchor_Spectral_unIntelligible,0.2,This is the right thing to do,85,Anchor_Spectral_unIntelligible_0.2,5,0.0,0,S 0.2,limegreen
call an ambluance assistance,5,filter_6.5_Inf_frm01_s13.wav,Temporal,6.5,Call an ambulance for medical assistance,88,Temporal_6.5,5,7.5,79,T 6.5,cornflowerblue
obey government orders,4,filter_Inf_0.4_frm01_s25.wav,Spectral,0.4,Military personnel are expected to obey government orders,91,Spectral_0.4,5,5.263157894736842,56,S 0.4,forestgreen
#,1,filter_2_Inf_6_17.wav,Anchor_Temporal_unIntelligible,2,I didn't know what to think of this fearsome woman,94,Anchor_Temporal_unIntelligible_2,5,0.0,0,T 2,lightsteelblue
its been two years since,4,filter_7_Inf_frm01_s05.wav,Temporal,7,It's been about two years since Davey kept shotguns,97,Temporal_7,5,7.8431372549019605,64,T 7,royalblue
throughout,2,filter_Inf_0.4_frm01_s28.wav,Spectral,0.4,The easygoing zoologist relaxed throughout the voyage,100,Spectral_0.4,5,1.8867924528301887,32,S 0.4,forestgreen
#,3,filter_6.5_Inf_frm01_s07.wav,Temporal,6.5,Tina got cued to make a quicker escape,103,Temporal_6.5,5,0.0,0,T 6.5,cornflowerblue
#,1,filter_Inf_0.2_1_11.wav,Anchor_Spectral_unIntelligible,0.2,She has always loved history,106,Anchor_Spectral_unIntelligible_0.2,5,0.0,0,S 0.2,limegreen
#,3,filter_7_Inf_frm01_s09.wav,Temporal,7,Here I was in Miami and Illinois,109,Temporal_7,5,0.0,0,T 7,royalblue
I hope I am not being reductive,7,6_41.wav,Anchor_fullyIntelligible,0,I hope I'm not beeing reductive,112,Anchor_fullyIntelligible_0,5,12.903225806451612,90,Full,coral
#,1,filter_2_Inf_2_54.wav,Anchor_Temporal_unIntelligible,2,And that was not right,115,Anchor_Temporal_unIntelligible_2,5,0.0,0,T 2,lightsteelblue
supervision is no,3,filter_6.5_Inf_frm01_s22.wav,Temporal,6.5,Alice's ability to work without supervision is noteworthy,118,Temporal_6.5,5,3.508771929824561,46,T 6.5,cornflowerblue
#,1,filter_Inf_0.2_2_46.wav,Anchor_Spectral_unIntelligible,0.2,It was quite a bit better I liked it,121,Anchor_Spectral_unIntelligible_0.2,5,0.0,0,S 0.2,limegreen
atmosphere streets,3,filter_6.5_Inf_frm01_s32.wav,Temporal,6.5,Is a relaxed home atmosphere enough to help her outgrow these traits,124,Temporal_6.5,5,1.4705882352941175,42,T 6.5,cornflowerblue
purchase,3,filter_7_Inf_frm01_s16.wav,Temporal,7,Jeff thought you argued in favor of a centrifuge purchase,127,Temporal_7,5,1.7543859649122806,25,T 7,royalblue
big brother,3,filter_6.5_Inf_frm01_s20.wav,Temporal,6.5,The frightened child was gently subdued by his big brother,130,Temporal_6.5,5,3.4482758620689653,32,T 6.5,cornflowerblue
"it seems like it will be wise to act, while the window was open",7,2_22.wav,Anchor_fullyIntelligible,0,It seems like we would be wiser to act while the window is open,133,Anchor_fullyIntelligible_0,5,14.285714285714285,86,Full,coral
If love is something you cherish,7,6_23.wav,Anchor_fullyIntelligible,0,If love is something you cherish,136,Anchor_fullyIntelligible_0,5,18.75,100,Full,coral
judges,2,filter_Inf_0.4_frm01_s08.wav,Spectral,0.4,Joe books very few judges,139,Spectral_0.4,5,4.0,39,S 0.4,forestgreen
the sermon action,5,filter_7_Inf_frm01_s17.wav,Temporal,7,The sermon emphasized the need for afirmative action,142,Temporal_7,5,5.769230769230769,49,T 7,royalblue
#,1,filter_2_Inf_1_2.wav,Anchor_Temporal_unIntelligible,2,she has no recollection ofthis phone call,145,Anchor_Temporal_unIntelligible_2,5,0.0,0,T 2,lightsteelblue
so HR is,2,filter_6.5_Inf_frm01_s02.wav,Temporal,6.5,Stop each car if it's little,4,Temporal_6.5,6,0.0,39,T 6.5,cornflowerblue
judges,2,filter_Inf_0.4_frm01_s08.wav,Spectral,0.4,Joe books very few judges,7,Spectral_0.4,6,4.0,39,S 0.4,forestgreen
this morning,2,filter_6.5_Inf_frm01_s27.wav,Temporal,6.5,The fish began to leap frantically on the surface of the small lake,10,Temporal_6.5,6,0.0,18,T 6.5,cornflowerblue
while the window was open,2,filter_Inf_0.2_2_22.wav,Anchor_Spectral_unIntelligible,0.2,It seems like we would be wiser to act while the window is open,13,Anchor_Spectral_unIntelligible_0.2,6,6.349206349206349,52,S 0.2,limegreen
ahead,2,filter_6.5_Inf_frm01_s03.wav,Temporal,6.5,Play in the street up ahead,16,Temporal_6.5,6,3.7037037037037033,31,T 6.5,cornflowerblue
the same shelter can be built into an environment below ground level,4,filter_Inf_0.5_frm01_s33.wav,Spectral,0.5,The same shelter could be built into an embankment or below ground level,19,Spectral_0.5,6,13.88888888888889,87,S 0.5,darkgreen
none,1,filter_2_Inf_1_65.wav,Anchor_Temporal_unIntelligible,2,They exchanged gifts,22,Anchor_Temporal_unIntelligible_2,6,0.0,17,T 2,lightsteelblue
call an ambulance for medical assistance,3,filter_Inf_0.5_frm01_s13.wav,Spectral,0.5,Call an ambulance for medical assistance,25,Spectral_0.5,6,15.0,100,S 0.5,darkgreen
where,2,filter_2_Inf_2_53.wav,Anchor_Temporal_unIntelligible,2,I may need to do something like that,28,Anchor_Temporal_unIntelligible_2,6,0.0,10,T 2,lightsteelblue
Its been about two years shotguns,3,filter_6.5_Inf_frm01_s05.wav,Temporal,6.5,It's been about two years since Davey kept shotguns,31,Temporal_6.5,6,9.803921568627452,79,T 6.5,cornflowerblue
In the garden children decorate all classrooms for holidays,2,filter_Inf_0.5_frm01_s18.wav,Spectral,0.5,Kindergarten children decorate their classrooms for all holidays,34,Spectral_0.5,6,9.375,85,S 0.5,darkgreen
doctor,2,filter_Inf_0.2_6_41.wav,Anchor_Spectral_unIntelligible,0.2,I hope I'm not beeing reductive,37,Anchor_Spectral_unIntelligible_0.2,6,0.0,16,S 0.2,limegreen
She has always loved history,7,1_11.wav,Anchor_fullyIntelligible,0,She has always loved history,40,Anchor_fullyIntelligible_0,6,17.857142857142858,100,Full,coral
these walls are ours,2,filter_7_Inf_frm01_s19.wav,Temporal,7,Cory and Trish played tag with beach balls for hours,43,Temporal_7,6,0.0,33,T 7,royalblue
like that,2,filter_7_Inf_frm01_s11.wav,Temporal,7,Don't ask me to carry an oily rag like that,46,Temporal_7,6,4.651162790697675,35,T 7,royalblue
you are eating favourites,2,filter_7_Inf_frm01_s16.wav,Temporal,7,Jeff thought you argued in favor of a centrifuge purchase,49,Temporal_7,6,1.7543859649122806,51,T 7,royalblue
relax home atmosphere help grow these drinks,2,filter_6.5_Inf_frm01_s32.wav,Temporal,6.5,Is a relaxed home atmosphere enough to help her outgrow these traits,52,Temporal_6.5,6,5.88235294117647,62,T 6.5,cornflowerblue
shall we,2,filter_Inf_0.4_frm01_s06.wav,Spectral,0.4,Charlie did you think to measure the tree,55,Spectral_0.4,6,0.0,20,S 0.4,forestgreen
"She called her brother, Randy",7,1_1.wav,Anchor_fullyIntelligible,0,"she called her brother, Randy",58,Anchor_fullyIntelligible_0,6,17.24137931034483,100,Full,coral
rationalise common right on the line,2,filter_6.5_Inf_frm01_s29.wav,Temporal,6.5,Brush fires are common in the dry underbrush of Nevada,61,Temporal_6.5,6,3.7037037037037033,42,T 6.5,cornflowerblue
"I wouldn't say I'm counting on it, but it could happen",7,2_33.wav,Anchor_fullyIntelligible,0,I wouldn't say I'm counting on it but it could happen,64,Anchor_fullyIntelligible_0,6,18.867924528301888,100,Full,coral
Everyone's an influencer she says,7,1_74.wav,Anchor_fullyIntelligible,0,Everyone's an influencer shes says,67,Anchor_fullyIntelligible_0,6,11.76470588235294,99,Full,coral
tiny bicycles below our roof,2,filter_Inf_0.4_frm01_s14.wav,Spectral,0.4,We saw eight tiny icicles below our roof,70,Spectral_0.4,6,10.0,76,S 0.4,forestgreen
forgot,2,filter_Inf_0.5_frm01_s21.wav,Spectral,0.5,The tooth fairy forgot to come when Roger's tooth fell out,73,Spectral_0.5,6,1.7241379310344827,19,S 0.5,darkgreen
Here I was only,2,filter_7_Inf_frm01_s09.wav,Temporal,7,Here I was in Miami and Illinois,76,Temporal_7,6,9.375,55,T 7,royalblue
"love, dance and sing if fortune upon you. ",4,filter_7_Inf_frm01_s26.wav,Temporal,7,Laugh dance and sing if fortune smiles upon you,79,Temporal_7,6,12.76595744680851,84,T 7,royalblue
tomorrow meeting at 2,4,filter_6.5_Inf_frm01_s24.wav,Temporal,6.5,If Carol comes tomorrow have her arrange for a meeting at two,82,Temporal_6.5,6,4.918032786885246,49,T 6.5,cornflowerblue
"We were a team, and we helped each other",7,1_37.wav,Anchor_fullyIntelligible,0,We were a team and we helped each other,85,Anchor_fullyIntelligible_0,6,17.94871794871795,100,Full,coral
sun,1,filter_2_Inf_1_10.wav,Anchor_Temporal_unIntelligible,2,The film brings out all the tensions and colors of the time,88,Anchor_Temporal_unIntelligible_2,6,0.0,10,T 2,lightsteelblue
happen,2,filter_Inf_0.2_2_38.wav,Anchor_Spectral_unIntelligible,0.2,The same will happen in other countries,91,Anchor_Spectral_unIntelligible_0.2,6,2.564102564102564,27,S 0.2,limegreen
ability to work without supervision is noteworthy,4,filter_Inf_0.5_frm01_s22.wav,Spectral,0.5,Alice's ability to work without supervision is noteworthy,94,Spectral_0.5,6,12.280701754385964,92,S 0.5,darkgreen
a boring novel is a superb sleeping pill,5,filter_Inf_0.5_frm01_s12.wav,Spectral,0.5,A boring novel is a superb sleeping pill,97,Spectral_0.5,6,17.5,100,S 0.5,darkgreen
emphasis the need for affirmative action,5,filter_Inf_0.4_frm01_s17.wav,Spectral,0.4,The sermon emphasized the need for afirmative action,100,Spectral_0.4,6,7.6923076923076925,83,S 0.4,forestgreen
and redecorating,2,filter_6.5_Inf_frm01_s30.wav,Temporal,6.5,How much will it cost to do any necessary modernizing and redecorating,103,Temporal_6.5,6,2.857142857142857,37,T 6.5,cornflowerblue
special taskforce has rescued hostages from kidnappers,4,filter_Inf_0.5_frm01_s23.wav,Spectral,0.5,Special task forces rescue hostages from kidnappers,106,Spectral_0.5,6,7.8431372549019605,84,S 0.5,darkgreen
child subdued big brother,3,filter_7_Inf_frm01_s20.wav,Temporal,7,The frightened child was gently subdued by his big brother,109,Temporal_7,6,6.896551724137931,60,T 7,royalblue
big wheel caught speeding,2,filter_7_Inf_frm01_s04.wav,Temporal,7,A fifth wheel caught speeding,112,Temporal_7,6,10.344827586206897,81,T 7,royalblue
coincided with the breakdown of a heating system part,2,filter_Inf_0.4_frm01_s15.wav,Spectral,0.4,Each untimely income loss coincided with the breakdown of a heating system part,115,Spectral_0.4,6,11.39240506329114,80,S 0.4,forestgreen
how is,1,filter_2_Inf_2_54.wav,Anchor_Temporal_unIntelligible,2,And that was not right,118,Anchor_Temporal_unIntelligible_2,6,0.0,29,T 2,lightsteelblue
zoologist relaxed throughout the voyage,4,filter_7_Inf_frm01_s28.wav,Temporal,7,The easygoing zoologist relaxed throughout the voyage,121,Temporal_7,6,9.433962264150944,85,T 7,royalblue
to make a quicker escape,3,filter_Inf_0.4_frm01_s07.wav,Spectral,0.4,Tina got cued to make a quicker escape,124,Spectral_0.4,6,13.157894736842104,77,S 0.4,forestgreen
if love is something you cheris,7,6_23.wav,Anchor_fullyIntelligible,0,If love is something you cherish,127,Anchor_fullyIntelligible_0,6,15.625,98,Full,coral
she had all year,2,filter_Inf_0.4_frm01_s10.wav,Spectral,0.4,She had your dark suit in greasy wash water all year,130,Spectral_0.4,6,7.6923076923076925,47,S 0.4,forestgreen
military personnel are expected to obey orders,4,filter_Inf_0.4_frm01_s25.wav,Spectral,0.4,Military personnel are expected to obey government orders,133,Spectral_0.4,6,12.280701754385964,89,S 0.4,forestgreen
They decided to do it anyway,7,1_33.wav,Anchor_fullyIntelligible,0,They decided to do it anyway,136,Anchor_fullyIntelligible_0,6,21.428571428571427,100,Full,coral
This is the right thing to do,7,1_73.wav,Anchor_fullyIntelligible,0,This is the right thing to do,139,Anchor_fullyIntelligible_0,6,24.137931034482758,100,Full,coral
fault,1,filter_Inf_0.2_6_17.wav,Anchor_Spectral_unIntelligible,0.2,I didn't know what to think of this fearsome woman,142,Anchor_Spectral_unIntelligible_0.2,6,0.0,11,S 0.2,limegreen
"If it doesn't matter who wins, why do we keep score?",6,filter_Inf_0.5_frm01_s01.wav,Spectral,0.5,If it doesn't matter who wins why do we keep score,145,Spectral_0.5,6,18.0,100,S 0.5,darkgreen
the same will happen in other countries,7,2_38.wav,Anchor_fullyIntelligible,0,The same will happen in other countries,4,Anchor_fullyIntelligible_0,7,17.94871794871795,100,Full,coral
if love is something you cherish,7,6_23.wav,Anchor_fullyIntelligible,0,If love is something you cherish,7,Anchor_fullyIntelligible_0,7,18.75,100,Full,coral
the same embankment or below ground level,4,filter_7_Inf_frm01_s33.wav,Temporal,7,The same shelter could be built into an embankment or below ground level,10,Temporal_7,7,9.722222222222223,73,T 7,royalblue
que to make a quicker escape,3,filter_Inf_0.4_frm01_s07.wav,Spectral,0.4,Tina got cued to make a quicker escape,13,Spectral_0.4,7,13.157894736842104,73,S 0.4,forestgreen
you favour intend purchase,2,filter_6.5_Inf_frm01_s16.wav,Temporal,6.5,Jeff thought you argued in favor of a centrifuge purchase,16,Temporal_6.5,7,3.508771929824561,53,T 6.5,cornflowerblue
the servant emphasised the need for action,4,filter_6.5_Inf_frm01_s17.wav,Temporal,6.5,The sermon emphasized the need for afirmative action,19,Temporal_6.5,7,7.6923076923076925,81,T 6.5,cornflowerblue
I may need to do something like that,6,2_53.wav,Anchor_fullyIntelligible,0,I may need to do something like that,22,Anchor_fullyIntelligible_0,7,22.22222222222222,100,Full,coral
there was my,2,filter_6.5_Inf_frm01_s09.wav,Temporal,6.5,Here I was in Miami and Illinois,25,Temporal_6.5,7,3.125,41,T 6.5,cornflowerblue
#,1,filter_2_Inf_1_34.wav,Anchor_Temporal_unIntelligible,2,They played anywhere they could draw a crowd,28,Anchor_Temporal_unIntelligible_2,7,0.0,0,T 2,lightsteelblue
this is the right thing to do,3,filter_Inf_0.2_1_73.wav,Anchor_Spectral_unIntelligible,0.2,This is the right thing to do,31,Anchor_Spectral_unIntelligible_0.2,7,24.137931034482758,100,S 0.2,limegreen
relaxed atmosphere treats,2,filter_Inf_0.4_frm01_s32.wav,Spectral,0.4,Is a relaxed home atmosphere enough to help her outgrow these traits,34,Spectral_0.4,7,2.941176470588235,52,S 0.4,forestgreen
she has no recollection of this phone call,7,1_2.wav,Anchor_fullyIntelligible,0,she has no recollection ofthis phone call,37,Anchor_fullyIntelligible_0,7,14.634146341463413,89,Full,coral
i hope i'm not being reductive,7,6_41.wav,Anchor_fullyIntelligible,0,I hope I'm not beeing reductive,40,Anchor_fullyIntelligible_0,7,16.129032258064516,98,Full,coral
"if it doesn't matter who wins, why do we keep score",6,filter_Inf_0.5_frm01_s01.wav,Spectral,0.5,If it doesn't matter who wins why do we keep score,43,Spectral_0.5,7,20.0,100,S 0.5,darkgreen
we age tiny bicycles roof,3,filter_Inf_0.5_frm01_s14.wav,Spectral,0.5,We saw eight tiny icicles below our roof,46,Spectral_0.5,7,7.5,65,S 0.5,darkgreen
naturally physical appearance,2,filter_7_Inf_frm01_s31.wav,Temporal,7,Was she just naturally sloppy about everything but her physical appearance,49,Temporal_7,7,4.054054054054054,56,T 7,royalblue
there's quite a big,3,filter_Inf_0.2_2_46.wav,Anchor_Spectral_unIntelligible,0.2,It was quite a bit better I liked it,52,Anchor_Spectral_unIntelligible_0.2,7,5.555555555555555,44,S 0.2,limegreen
#,1,filter_Inf_0.5_frm01_s21.wav,Spectral,0.5,The tooth fairy forgot to come when Roger's tooth fell out,55,Spectral_0.5,7,0.0,0,S 0.5,darkgreen
the child by his big brother,3,filter_7_Inf_frm01_s20.wav,Temporal,7,The frightened child was gently subdued by his big brother,58,Temporal_7,7,10.344827586206897,65,T 7,royalblue
they decided to do it anyway,7,1_33.wav,Anchor_fullyIntelligible,0,They decided to do it anyway,61,Anchor_fullyIntelligible_0,7,21.428571428571427,100,Full,coral
call an ambulance for medical assistance,5,filter_6.5_Inf_frm01_s13.wav,Temporal,6.5,Call an ambulance for medical assistance,64,Temporal_6.5,7,15.0,100,T 6.5,cornflowerblue
charlie you take the weight of the tree,4,filter_7_Inf_frm01_s06.wav,Temporal,7,Charlie did you think to measure the tree,67,Temporal_7,7,9.75609756097561,68,T 7,royalblue
#,1,filter_Inf_0.4_frm01_s29.wav,Spectral,0.4,Brush fires are common in the dry underbrush of Nevada,70,Spectral_0.4,7,0.0,0,S 0.4,forestgreen
stop civil,2,filter_6.5_Inf_frm01_s02.wav,Temporal,6.5,Stop each car if it's little,73,Temporal_6.5,7,3.571428571428571,47,T 6.5,cornflowerblue
a boring novel is a superb sleeping pill,6,filter_7_Inf_frm01_s12.wav,Temporal,7,A boring novel is a superb sleeping pill,76,Temporal_7,7,17.5,100,T 7,royalblue
the easy going relaxed throughout the voyage,5,filter_6.5_Inf_frm01_s28.wav,Temporal,6.5,The easygoing zoologist relaxed throughout the voyage,79,Temporal_6.5,7,7.547169811320755,89,T 6.5,cornflowerblue
ability to work without supervision is note-worthy,6,filter_Inf_0.5_frm01_s22.wav,Spectral,0.5,Alice's ability to work without supervision is noteworthy,82,Spectral_0.5,7,10.526315789473683,80,S 0.5,darkgreen
and that was not right,7,2_54.wav,Anchor_fullyIntelligible,0,And that was not right,85,Anchor_fullyIntelligible_0,7,22.727272727272727,100,Full,coral
up ahead,2,filter_6.5_Inf_frm01_s03.wav,Temporal,6.5,Play in the street up ahead,88,Temporal_6.5,7,7.4074074074074066,46,T 6.5,cornflowerblue
work while the window was open,3,filter_Inf_0.2_2_22.wav,Anchor_Spectral_unIntelligible,0.2,It seems like we would be wiser to act while the window is open,91,Anchor_Spectral_unIntelligible_0.2,7,6.349206349206349,56,S 0.2,limegreen
who,1,filter_2_Inf_1_74.wav,Anchor_Temporal_unIntelligible,2,Everyone's an influencer shes says,94,Anchor_Temporal_unIntelligible_2,7,0.0,5,T 2,lightsteelblue
for hours,1,filter_Inf_0.4_frm01_s19.wav,Spectral,0.4,Cory and Trish played tag with beach balls for hours,97,Spectral_0.4,7,3.8461538461538463,30,S 0.4,forestgreen
don't ask me to carry way back,3,filter_Inf_0.4_frm01_s11.wav,Spectral,0.4,Don't ask me to carry an oily rag like that,100,Spectral_0.4,7,11.627906976744185,60,S 0.4,forestgreen
if this wheel caught speeding,3,filter_Inf_0.4_frm01_s04.wav,Spectral,0.4,A fifth wheel caught speeding,103,Spectral_0.4,7,10.344827586206897,83,S 0.4,forestgreen
the,1,filter_2_Inf_6_22.wav,Anchor_Temporal_unIntelligible,2,Another bites the dust,106,Anchor_Temporal_unIntelligible_2,7,4.545454545454546,24,T 2,lightsteelblue
military personnel are expected to invade orders,5,filter_Inf_0.5_frm01_s25.wav,Spectral,0.5,Military personnel are expected to obey government orders,109,Spectral_0.5,7,10.526315789473683,84,S 0.5,darkgreen
laugh dance and sing if fortune spells upon you,6,filter_Inf_0.5_frm01_s26.wav,Spectral,0.5,Laugh dance and sing if fortune smiles upon you,112,Spectral_0.5,7,17.02127659574468,94,S 0.5,darkgreen
#,1,filter_2_Inf_1_1.wav,Anchor_Temporal_unIntelligible,2,"she called her brother, Randy",115,Anchor_Temporal_unIntelligible_2,7,0.0,0,T 2,lightsteelblue
special task forces rescue workers from kidnappers,6,filter_7_Inf_frm01_s23.wav,Temporal,7,Special task forces rescue hostages from kidnappers,118,Temporal_7,7,11.76470588235294,83,T 7,royalblue
the fridge began to leak frantically on the surface of the small lake,5,filter_Inf_0.5_frm01_s27.wav,Spectral,0.5,The fish began to leap frantically on the surface of the small lake,121,Spectral_0.5,7,13.432835820895523,90,S 0.5,darkgreen
how much will it cost to do any necessary ,4,filter_Inf_0.4_frm01_s30.wav,Spectral,0.4,How much will it cost to do any necessary modernizing and redecorating,124,Spectral_0.4,7,12.857142857142856,74,S 0.4,forestgreen
I didn't know what to think of this fearsome woman,7,6_17.wav,Anchor_fullyIntelligible,0,I didn't know what to think of this fearsome woman,127,Anchor_fullyIntelligible_0,7,20.0,100,Full,coral
entirely coensided with the,3,filter_Inf_0.4_frm01_s15.wav,Spectral,0.4,Each untimely income loss coincided with the breakdown of a heating system part,130,Spectral_0.4,7,2.5316455696202533,43,S 0.4,forestgreen
"if was tomorrow, have a reason to at two",4,filter_7_Inf_frm01_s24.wav,Temporal,7,If Carol comes tomorrow have her arrange for a meeting at two,133,Temporal_7,7,8.19672131147541,56,T 7,royalblue
very few judges,3,filter_6.5_Inf_frm01_s08.wav,Temporal,6.5,Joe books very few judges,136,Temporal_6.5,7,12.0,75,T 6.5,cornflowerblue
children decorate their classroom for all holidays,5,filter_7_Inf_frm01_s18.wav,Temporal,7,Kindergarten children decorate their classrooms for all holidays,139,Temporal_7,7,9.375,88,T 7,royalblue
we help eachother,2,filter_Inf_0.2_1_37.wav,Anchor_Spectral_unIntelligible,0.2,We were a team and we helped each other,142,Anchor_Spectral_unIntelligible_0.2,7,2.564102564102564,50,S 0.2,limegreen
she had dark greasy wash all year,2,filter_Inf_0.5_frm01_s10.wav,Spectral,0.5,She had your dark suit in greasy wash water all year,145,Spectral_0.5,7,13.461538461538462,78,S 0.5,darkgreen
"\Everyone's an influencer,\ she says.",7,1_74.wav,Anchor_fullyIntelligible,0,Everyone's an influencer shes says,4,Anchor_fullyIntelligible_0,8,2.941176470588235,99,Full,coral
action,2,filter_Inf_0.4_frm01_s17.wav,Spectral,0.4,The sermon emphasized the need for afirmative action,7,Spectral_0.4,8,1.9230769230769231,21,S 0.4,forestgreen
If love is something you cherish,7,6_23.wav,Anchor_fullyIntelligible,0,If love is something you cherish,10,Anchor_fullyIntelligible_0,8,18.75,100,Full,coral
Zoey...tree,2,filter_6.5_Inf_frm01_s06.wav,Temporal,6.5,Charlie did you think to measure the tree,13,Temporal_6.5,8,0.0,28,T 6.5,cornflowerblue
...such a huge purchase,3,filter_Inf_0.4_frm01_s16.wav,Spectral,0.4,Jeff thought you argued in favor of a centrifuge purchase,16,Spectral_0.4,8,3.508771929824561,44,S 0.4,forestgreen
#,1,filter_Inf_0.2_1_37.wav,Anchor_Spectral_unIntelligible,0.2,We were a team and we helped each other,19,Anchor_Spectral_unIntelligible_0.2,8,0.0,0,S 0.2,limegreen
...sleeping pill,2,filter_Inf_0.5_frm01_s12.wav,Spectral,0.5,A boring novel is a superb sleeping pill,22,Spectral_0.5,8,2.5,49,S 0.5,darkgreen
The same shelter can be built...above ground level,4,filter_7_Inf_frm01_s33.wav,Temporal,7,The same shelter could be built into an embankment or below ground level,25,Temporal_7,8,8.333333333333332,77,T 7,royalblue
carry...like that ,2,filter_Inf_0.4_frm01_s11.wav,Spectral,0.4,Don't ask me to carry an oily rag like that,28,Spectral_0.4,8,2.3255813953488373,52,S 0.4,forestgreen
I wouldn't say I'm counting on it but it could happen,7,2_33.wav,Anchor_fullyIntelligible,0,I wouldn't say I'm counting on it but it could happen,31,Anchor_fullyIntelligible_0,8,18.867924528301888,100,Full,coral
#,1,filter_2_Inf_2_53.wav,Anchor_Temporal_unIntelligible,2,I may need to do something like that,34,Anchor_Temporal_unIntelligible_2,8,0.0,0,T 2,lightsteelblue
It's been about two years since David kept shot guns,6,filter_Inf_0.5_frm01_s05.wav,Spectral,0.5,It's been about two years since Davey kept shotguns,37,Spectral_0.5,8,13.725490196078432,87,S 0.5,darkgreen
Is a relaxed home atmosphere enough to outgrow these traits?,5,filter_Inf_0.5_frm01_s32.wav,Spectral,0.5,Is a relaxed home atmosphere enough to help her outgrow these traits,40,Spectral_0.5,8,13.23529411764706,93,S 0.5,darkgreen
...beach ball for hours,4,filter_Inf_0.4_frm01_s19.wav,Spectral,0.4,Cory and Trish played tag with beach balls for hours,43,Spectral_0.4,8,3.8461538461538463,56,S 0.4,forestgreen
#,1,filter_2_Inf_1_34.wav,Anchor_Temporal_unIntelligible,2,They played anywhere they could draw a crowd,46,Anchor_Temporal_unIntelligible_2,8,0.0,0,T 2,lightsteelblue
no,2,filter_7_Inf_frm01_s22.wav,Temporal,7,Alice's ability to work without supervision is noteworthy,49,Temporal_7,8,0.0,7,T 7,royalblue
...caught speeding,2,filter_Inf_0.4_frm01_s04.wav,Spectral,0.4,A fifth wheel caught speeding,52,Spectral_0.4,8,3.4482758620689653,68,S 0.4,forestgreen
...ahead,2,filter_6.5_Inf_frm01_s03.wav,Temporal,6.5,Play in the street up ahead,55,Temporal_6.5,8,0.0,31,T 6.5,cornflowerblue
#,2,filter_6.5_Inf_frm01_s09.wav,Temporal,6.5,Here I was in Miami and Illinois,58,Temporal_6.5,8,0.0,0,T 6.5,cornflowerblue
It seems like we'd be wise to act while the window was open,7,2_22.wav,Anchor_fullyIntelligible,0,It seems like we would be wiser to act while the window is open,61,Anchor_fullyIntelligible_0,8,15.873015873015872,89,Full,coral
...relaxed throughout the voyage,3,filter_Inf_0.5_frm01_s28.wav,Spectral,0.5,The easygoing zoologist relaxed throughout the voyage,64,Spectral_0.5,8,5.660377358490567,71,S 0.5,darkgreen
special forces rescue kidnappers from...,5,filter_7_Inf_frm01_s23.wav,Temporal,7,Special task forces rescue hostages from kidnappers,67,Temporal_7,8,7.8431372549019605,84,T 7,royalblue
...judges,2,filter_Inf_0.5_frm01_s08.wav,Spectral,0.5,Joe books very few judges,70,Spectral_0.5,8,0.0,39,S 0.5,darkgreen
#,1,filter_Inf_0.2_6_22.wav,Anchor_Spectral_unIntelligible,0.2,Another bites the dust,73,Anchor_Spectral_unIntelligible_0.2,8,0.0,0,S 0.2,limegreen
#,1,filter_2_Inf_1_33.wav,Anchor_Temporal_unIntelligible,2,They decided to do it anyway,76,Anchor_Temporal_unIntelligible_2,8,0.0,0,T 2,lightsteelblue
stop each car at this level,3,filter_6.5_Inf_frm01_s02.wav,Temporal,6.5,Stop each car if it's little,79,Temporal_6.5,8,10.714285714285714,58,T 6.5,cornflowerblue
...quicker escape,3,filter_6.5_Inf_frm01_s07.wav,Temporal,6.5,Tina got cued to make a quicker escape,82,Temporal_6.5,8,2.631578947368421,54,T 6.5,cornflowerblue
...physical appearance,2,filter_Inf_0.4_frm01_s31.wav,Spectral,0.4,Was she just naturally sloppy about everything but her physical appearance,85,Spectral_0.4,8,1.3513513513513513,41,S 0.4,forestgreen
...are common with...,2,filter_6.5_Inf_frm01_s29.wav,Temporal,6.5,Brush fires are common in the dry underbrush of Nevada,88,Temporal_6.5,8,1.8518518518518516,41,T 6.5,cornflowerblue
#,1,filter_2_Inf_1_73.wav,Anchor_Temporal_unIntelligible,2,This is the right thing to do,91,Anchor_Temporal_unIntelligible_2,8,0.0,0,T 2,lightsteelblue
#,2,filter_Inf_0.2_6_41.wav,Anchor_Spectral_unIntelligible,0.2,I hope I'm not beeing reductive,94,Anchor_Spectral_unIntelligible_0.2,8,0.0,0,S 0.2,limegreen
Call an ambulance and wait for assisstance,5,filter_6.5_Inf_frm01_s13.wav,Temporal,6.5,Call an ambulance for medical assistance,97,Temporal_6.5,8,10.0,83,T 6.5,cornflowerblue
each...system cart,3,filter_Inf_0.5_frm01_s15.wav,Spectral,0.5,Each untimely income loss coincided with the breakdown of a heating system part,100,Spectral_0.5,8,0.0,29,S 0.5,darkgreen
"It doesn't matter who wins, why do we keep score?",5,filter_7_Inf_frm01_s01.wav,Temporal,7,If it doesn't matter who wins why do we keep score,103,Temporal_7,8,16.0,97,T 7,royalblue
And that was not right,7,2_54.wav,Anchor_fullyIntelligible,0,And that was not right,106,Anchor_fullyIntelligible_0,8,22.727272727272727,100,Full,coral
...and redecorating,3,filter_7_Inf_frm01_s30.wav,Temporal,7,How much will it cost to do any necessary modernizing and redecorating,109,Temporal_7,8,1.4285714285714286,37,T 7,royalblue
#,1,filter_Inf_0.2_2_46.wav,Anchor_Spectral_unIntelligible,0.2,It was quite a bit better I liked it,112,Anchor_Spectral_unIntelligible_0.2,8,0.0,0,S 0.2,limegreen
...in front of me on the surface of the small lake,4,filter_Inf_0.4_frm01_s27.wav,Spectral,0.4,The fish began to leap frantically on the surface of the small lake,115,Spectral_0.4,8,8.955223880597014,70,S 0.4,forestgreen
military personnel are expected to obey ... orders,5,filter_Inf_0.4_frm01_s25.wav,Spectral,0.4,Military personnel are expected to obey government orders,118,Spectral_0.4,8,12.280701754385964,89,S 0.4,forestgreen
she had a...suit...all year,4,filter_Inf_0.5_frm01_s10.wav,Spectral,0.5,She had your dark suit in greasy wash water all year,121,Spectral_0.5,8,5.769230769230769,56,S 0.5,darkgreen
"love, dance and sing if fortune falls upon you ",4,filter_7_Inf_frm01_s26.wav,Temporal,7,Laugh dance and sing if fortune smiles upon you,124,Temporal_7,8,14.893617021276595,78,T 7,royalblue
"if...tomorrow, have a meeting at 2 ",5,filter_6.5_Inf_frm01_s24.wav,Temporal,6.5,If Carol comes tomorrow have her arrange for a meeting at two,127,Temporal_6.5,8,6.557377049180328,65,T 6.5,cornflowerblue
childhood...by his big brother,4,filter_7_Inf_frm01_s20.wav,Temporal,7,The frightened child was gently subdued by his big brother,130,Temporal_7,8,5.172413793103448,60,T 7,royalblue
The same will happen in other countries,7,2_38.wav,Anchor_fullyIntelligible,0,The same will happen in other countries,133,Anchor_fullyIntelligible_0,8,17.94871794871795,100,Full,coral
the tooth fairy forgot to come when Roger's tooth fell out,5,filter_Inf_0.5_frm01_s21.wav,Spectral,0.5,The tooth fairy forgot to come when Roger's tooth fell out,136,Spectral_0.5,8,17.24137931034483,100,S 0.5,darkgreen
That's the ultimate awesome thing ,7,2_6.wav,Anchor_fullyIntelligible,0,That's the ultimate awesome thing,139,Anchor_fullyIntelligible_0,8,15.151515151515152,100,Full,coral
I didn't know what to think of this fearsome woman,7,6_17.wav,Anchor_fullyIntelligible,0,I didn't know what to think of this fearsome woman,142,Anchor_fullyIntelligible_0,8,20.0,100,Full,coral
We saw eight tiny icicles below our roof,5,filter_7_Inf_frm01_s14.wav,Temporal,7,We saw eight tiny icicles below our roof,145,Temporal_7,8,20.0,100,T 7,royalblue
"\Everyone's an influencer,\ she says.",7,1_74.wav,Anchor_fullyIntelligible,0,Everyone's an influencer shes says,4,Anchor_fullyIntelligible_0,9,2.941176470588235,99,Full,coral
action,2,filter_Inf_0.4_frm01_s17.wav,Spectral,0.4,The sermon emphasized the need for afirmative action,7,Spectral_0.4,9,1.9230769230769231,21,S 0.4,forestgreen
If love is something you cherish,7,6_23.wav,Anchor_fullyIntelligible,0,If love is something you cherish,10,Anchor_fullyIntelligible_0,9,18.75,100,Full,coral
Zoey...tree,2,filter_6.5_Inf_frm01_s06.wav,Temporal,6.5,Charlie did you think to measure the tree,13,Temporal_6.5,9,0.0,28,T 6.5,cornflowerblue
...such a huge purchase,3,filter_Inf_0.4_frm01_s16.wav,Spectral,0.4,Jeff thought you argued in favor of a centrifuge purchase,16,Spectral_0.4,9,3.508771929824561,44,S 0.4,forestgreen
#,1,filter_Inf_0.2_1_37.wav,Anchor_Spectral_unIntelligible,0.2,We were a team and we helped each other,19,Anchor_Spectral_unIntelligible_0.2,9,0.0,0,S 0.2,limegreen
...sleeping pill,2,filter_Inf_0.5_frm01_s12.wav,Spectral,0.5,A boring novel is a superb sleeping pill,22,Spectral_0.5,9,2.5,49,S 0.5,darkgreen
The same shelter can be built...above ground level,4,filter_7_Inf_frm01_s33.wav,Temporal,7,The same shelter could be built into an embankment or below ground level,25,Temporal_7,9,8.333333333333332,77,T 7,royalblue
carry...like that ,2,filter_Inf_0.4_frm01_s11.wav,Spectral,0.4,Don't ask me to carry an oily rag like that,28,Spectral_0.4,9,2.3255813953488373,52,S 0.4,forestgreen
I wouldn't say I'm counting on it but it could happen,7,2_33.wav,Anchor_fullyIntelligible,0,I wouldn't say I'm counting on it but it could happen,31,Anchor_fullyIntelligible_0,9,18.867924528301888,100,Full,coral
#,1,filter_2_Inf_2_53.wav,Anchor_Temporal_unIntelligible,2,I may need to do something like that,34,Anchor_Temporal_unIntelligible_2,9,0.0,0,T 2,lightsteelblue
It's been about two years since David kept shot guns,6,filter_Inf_0.5_frm01_s05.wav,Spectral,0.5,It's been about two years since Davey kept shotguns,37,Spectral_0.5,9,13.725490196078432,87,S 0.5,darkgreen
Is a relaxed home atmosphere enough to outgrow these traits?,5,filter_Inf_0.5_frm01_s32.wav,Spectral,0.5,Is a relaxed home atmosphere enough to help her outgrow these traits,40,Spectral_0.5,9,13.23529411764706,93,S 0.5,darkgreen
...beach ball for hours,4,filter_Inf_0.4_frm01_s19.wav,Spectral,0.4,Cory and Trish played tag with beach balls for hours,43,Spectral_0.4,9,3.8461538461538463,56,S 0.4,forestgreen
#,1,filter_2_Inf_1_34.wav,Anchor_Temporal_unIntelligible,2,They played anywhere they could draw a crowd,46,Anchor_Temporal_unIntelligible_2,9,0.0,0,T 2,lightsteelblue
no,2,filter_7_Inf_frm01_s22.wav,Temporal,7,Alice's ability to work without supervision is noteworthy,49,Temporal_7,9,0.0,7,T 7,royalblue
...caught speeding,2,filter_Inf_0.4_frm01_s04.wav,Spectral,0.4,A fifth wheel caught speeding,52,Spectral_0.4,9,3.4482758620689653,68,S 0.4,forestgreen
...ahead,2,filter_6.5_Inf_frm01_s03.wav,Temporal,6.5,Play in the street up ahead,55,Temporal_6.5,9,0.0,31,T 6.5,cornflowerblue
#,2,filter_6.5_Inf_frm01_s09.wav,Temporal,6.5,Here I was in Miami and Illinois,58,Temporal_6.5,9,0.0,0,T 6.5,cornflowerblue
It seems like we'd be wise to act while the window was open,7,2_22.wav,Anchor_fullyIntelligible,0,It seems like we would be wiser to act while the window is open,61,Anchor_fullyIntelligible_0,9,15.873015873015872,89,Full,coral
...relaxed throughout the voyage,3,filter_Inf_0.5_frm01_s28.wav,Spectral,0.5,The easygoing zoologist relaxed throughout the voyage,64,Spectral_0.5,9,5.660377358490567,71,S 0.5,darkgreen
special forces rescue kidnappers from...,5,filter_7_Inf_frm01_s23.wav,Temporal,7,Special task forces rescue hostages from kidnappers,67,Temporal_7,9,7.8431372549019605,84,T 7,royalblue
...judges,2,filter_Inf_0.5_frm01_s08.wav,Spectral,0.5,Joe books very few judges,70,Spectral_0.5,9,0.0,39,S 0.5,darkgreen
#,1,filter_Inf_0.2_6_22.wav,Anchor_Spectral_unIntelligible,0.2,Another bites the dust,73,Anchor_Spectral_unIntelligible_0.2,9,0.0,0,S 0.2,limegreen
#,1,filter_2_Inf_1_33.wav,Anchor_Temporal_unIntelligible,2,They decided to do it anyway,76,Anchor_Temporal_unIntelligible_2,9,0.0,0,T 2,lightsteelblue
stop each car at this level,3,filter_6.5_Inf_frm01_s02.wav,Temporal,6.5,Stop each car if it's little,79,Temporal_6.5,9,10.714285714285714,58,T 6.5,cornflowerblue
...quicker escape,3,filter_6.5_Inf_frm01_s07.wav,Temporal,6.5,Tina got cued to make a quicker escape,82,Temporal_6.5,9,2.631578947368421,54,T 6.5,cornflowerblue
...physical appearance,2,filter_Inf_0.4_frm01_s31.wav,Spectral,0.4,Was she just naturally sloppy about everything but her physical appearance,85,Spectral_0.4,9,1.3513513513513513,41,S 0.4,forestgreen
...are common with...,2,filter_6.5_Inf_frm01_s29.wav,Temporal,6.5,Brush fires are common in the dry underbrush of Nevada,88,Temporal_6.5,9,1.8518518518518516,41,T 6.5,cornflowerblue
#,1,filter_2_Inf_1_73.wav,Anchor_Temporal_unIntelligible,2,This is the right thing to do,91,Anchor_Temporal_unIntelligible_2,9,0.0,0,T 2,lightsteelblue
#,2,filter_Inf_0.2_6_41.wav,Anchor_Spectral_unIntelligible,0.2,I hope I'm not beeing reductive,94,Anchor_Spectral_unIntelligible_0.2,9,0.0,0,S 0.2,limegreen
Call an ambulance and wait for assisstance,5,filter_6.5_Inf_frm01_s13.wav,Temporal,6.5,Call an ambulance for medical assistance,97,Temporal_6.5,9,10.0,83,T 6.5,cornflowerblue
each...system cart,3,filter_Inf_0.5_frm01_s15.wav,Spectral,0.5,Each untimely income loss coincided with the breakdown of a heating system part,100,Spectral_0.5,9,0.0,29,S 0.5,darkgreen
"It doesn't matter who wins, why do we keep score?",5,filter_7_Inf_frm01_s01.wav,Temporal,7,If it doesn't matter who wins why do we keep score,103,Temporal_7,9,16.0,97,T 7,royalblue
And that was not right,7,2_54.wav,Anchor_fullyIntelligible,0,And that was not right,106,Anchor_fullyIntelligible_0,9,22.727272727272727,100,Full,coral
...and redecorating,3,filter_7_Inf_frm01_s30.wav,Temporal,7,How much will it cost to do any necessary modernizing and redecorating,109,Temporal_7,9,1.4285714285714286,37,T 7,royalblue
#,1,filter_Inf_0.2_2_46.wav,Anchor_Spectral_unIntelligible,0.2,It was quite a bit better I liked it,112,Anchor_Spectral_unIntelligible_0.2,9,0.0,0,S 0.2,limegreen
...in front of me on the surface of the small lake,4,filter_Inf_0.4_frm01_s27.wav,Spectral,0.4,The fish began to leap frantically on the surface of the small lake,115,Spectral_0.4,9,8.955223880597014,70,S 0.4,forestgreen
military personnel are expected to obey ... orders,5,filter_Inf_0.4_frm01_s25.wav,Spectral,0.4,Military personnel are expected to obey government orders,118,Spectral_0.4,9,12.280701754385964,89,S 0.4,forestgreen
she had a...suit...all year,4,filter_Inf_0.5_frm01_s10.wav,Spectral,0.5,She had your dark suit in greasy wash water all year,121,Spectral_0.5,9,5.769230769230769,56,S 0.5,darkgreen
"love, dance and sing if fortune falls upon you ",4,filter_7_Inf_frm01_s26.wav,Temporal,7,Laugh dance and sing if fortune smiles upon you,124,Temporal_7,9,14.893617021276595,78,T 7,royalblue
"if...tomorrow, have a meeting at 2 ",5,filter_6.5_Inf_frm01_s24.wav,Temporal,6.5,If Carol comes tomorrow have her arrange for a meeting at two,127,Temporal_6.5,9,6.557377049180328,65,T 6.5,cornflowerblue
childhood...by his big brother,4,filter_7_Inf_frm01_s20.wav,Temporal,7,The frightened child was gently subdued by his big brother,130,Temporal_7,9,5.172413793103448,60,T 7,royalblue
The same will happen in other countries,7,2_38.wav,Anchor_fullyIntelligible,0,The same will happen in other countries,133,Anchor_fullyIntelligible_0,9,17.94871794871795,100,Full,coral
the tooth fairy forgot to come when Roger's tooth fell out,5,filter_Inf_0.5_frm01_s21.wav,Spectral,0.5,The tooth fairy forgot to come when Roger's tooth fell out,136,Spectral_0.5,9,17.24137931034483,100,S 0.5,darkgreen
That's the ultimate awesome thing ,7,2_6.wav,Anchor_fullyIntelligible,0,That's the ultimate awesome thing,139,Anchor_fullyIntelligible_0,9,15.151515151515152,100,Full,coral
I didn't know what to think of this fearsome woman,7,6_17.wav,Anchor_fullyIntelligible,0,I didn't know what to think of this fearsome woman,142,Anchor_fullyIntelligible_0,9,20.0,100,Full,coral
We saw eight tiny icicles below our roof,5,filter_7_Inf_frm01_s14.wav,Temporal,7,We saw eight tiny icicles below our roof,145,Temporal_7,9,20.0,100,T 7,royalblue
"\Everyone's an influencer,\ she says.",7,1_74.wav,Anchor_fullyIntelligible,0,Everyone's an influencer shes says,4,Anchor_fullyIntelligible_0,10,2.941176470588235,99,Full,coral
action,2,filter_Inf_0.4_frm01_s17.wav,Spectral,0.4,The sermon emphasized the need for afirmative action,7,Spectral_0.4,10,1.9230769230769231,21,S 0.4,forestgreen
If love is something you cherish,7,6_23.wav,Anchor_fullyIntelligible,0,If love is something you cherish,10,Anchor_fullyIntelligible_0,10,18.75,100,Full,coral
Zoey...tree,2,filter_6.5_Inf_frm01_s06.wav,Temporal,6.5,Charlie did you think to measure the tree,13,Temporal_6.5,10,0.0,28,T 6.5,cornflowerblue
...such a huge purchase,3,filter_Inf_0.4_frm01_s16.wav,Spectral,0.4,Jeff thought you argued in favor of a centrifuge purchase,16,Spectral_0.4,10,3.508771929824561,44,S 0.4,forestgreen
#,1,filter_Inf_0.2_1_37.wav,Anchor_Spectral_unIntelligible,0.2,We were a team and we helped each other,19,Anchor_Spectral_unIntelligible_0.2,10,0.0,0,S 0.2,limegreen
...sleeping pill,2,filter_Inf_0.5_frm01_s12.wav,Spectral,0.5,A boring novel is a superb sleeping pill,22,Spectral_0.5,10,2.5,49,S 0.5,darkgreen
The same shelter can be built...above ground level,4,filter_7_Inf_frm01_s33.wav,Temporal,7,The same shelter could be built into an embankment or below ground level,25,Temporal_7,10,8.333333333333332,77,T 7,royalblue
carry...like that ,2,filter_Inf_0.4_frm01_s11.wav,Spectral,0.4,Don't ask me to carry an oily rag like that,28,Spectral_0.4,10,2.3255813953488373,52,S 0.4,forestgreen
I wouldn't say I'm counting on it but it could happen,7,2_33.wav,Anchor_fullyIntelligible,0,I wouldn't say I'm counting on it but it could happen,31,Anchor_fullyIntelligible_0,10,18.867924528301888,100,Full,coral
#,1,filter_2_Inf_2_53.wav,Anchor_Temporal_unIntelligible,2,I may need to do something like that,34,Anchor_Temporal_unIntelligible_2,10,0.0,0,T 2,lightsteelblue
It's been about two years since David kept shot guns,6,filter_Inf_0.5_frm01_s05.wav,Spectral,0.5,It's been about two years since Davey kept shotguns,37,Spectral_0.5,10,13.725490196078432,87,S 0.5,darkgreen
Is a relaxed home atmosphere enough to outgrow these traits?,5,filter_Inf_0.5_frm01_s32.wav,Spectral,0.5,Is a relaxed home atmosphere enough to help her outgrow these traits,40,Spectral_0.5,10,13.23529411764706,93,S 0.5,darkgreen
...beach ball for hours,4,filter_Inf_0.4_frm01_s19.wav,Spectral,0.4,Cory and Trish played tag with beach balls for hours,43,Spectral_0.4,10,3.8461538461538463,56,S 0.4,forestgreen
#,1,filter_2_Inf_1_34.wav,Anchor_Temporal_unIntelligible,2,They played anywhere they could draw a crowd,46,Anchor_Temporal_unIntelligible_2,10,0.0,0,T 2,lightsteelblue
no,2,filter_7_Inf_frm01_s22.wav,Temporal,7,Alice's ability to work without supervision is noteworthy,49,Temporal_7,10,0.0,7,T 7,royalblue
...caught speeding,2,filter_Inf_0.4_frm01_s04.wav,Spectral,0.4,A fifth wheel caught speeding,52,Spectral_0.4,10,3.4482758620689653,68,S 0.4,forestgreen
...ahead,2,filter_6.5_Inf_frm01_s03.wav,Temporal,6.5,Play in the street up ahead,55,Temporal_6.5,10,0.0,31,T 6.5,cornflowerblue
#,2,filter_6.5_Inf_frm01_s09.wav,Temporal,6.5,Here I was in Miami and Illinois,58,Temporal_6.5,10,0.0,0,T 6.5,cornflowerblue
It seems like we'd be wise to act while the window was open,7,2_22.wav,Anchor_fullyIntelligible,0,It seems like we would be wiser to act while the window is open,61,Anchor_fullyIntelligible_0,10,15.873015873015872,89,Full,coral
...relaxed throughout the voyage,3,filter_Inf_0.5_frm01_s28.wav,Spectral,0.5,The easygoing zoologist relaxed throughout the voyage,64,Spectral_0.5,10,5.660377358490567,71,S 0.5,darkgreen
special forces rescue kidnappers from...,5,filter_7_Inf_frm01_s23.wav,Temporal,7,Special task forces rescue hostages from kidnappers,67,Temporal_7,10,7.8431372549019605,84,T 7,royalblue
...judges,2,filter_Inf_0.5_frm01_s08.wav,Spectral,0.5,Joe books very few judges,70,Spectral_0.5,10,0.0,39,S 0.5,darkgreen
#,1,filter_Inf_0.2_6_22.wav,Anchor_Spectral_unIntelligible,0.2,Another bites the dust,73,Anchor_Spectral_unIntelligible_0.2,10,0.0,0,S 0.2,limegreen
#,1,filter_2_Inf_1_33.wav,Anchor_Temporal_unIntelligible,2,They decided to do it anyway,76,Anchor_Temporal_unIntelligible_2,10,0.0,0,T 2,lightsteelblue
stop each car at this level,3,filter_6.5_Inf_frm01_s02.wav,Temporal,6.5,Stop each car if it's little,79,Temporal_6.5,10,10.714285714285714,58,T 6.5,cornflowerblue
...quicker escape,3,filter_6.5_Inf_frm01_s07.wav,Temporal,6.5,Tina got cued to make a quicker escape,82,Temporal_6.5,10,2.631578947368421,54,T 6.5,cornflowerblue
...physical appearance,2,filter_Inf_0.4_frm01_s31.wav,Spectral,0.4,Was she just naturally sloppy about everything but her physical appearance,85,Spectral_0.4,10,1.3513513513513513,41,S 0.4,forestgreen
...are common with...,2,filter_6.5_Inf_frm01_s29.wav,Temporal,6.5,Brush fires are common in the dry underbrush of Nevada,88,Temporal_6.5,10,1.8518518518518516,41,T 6.5,cornflowerblue
#,1,filter_2_Inf_1_73.wav,Anchor_Temporal_unIntelligible,2,This is the right thing to do,91,Anchor_Temporal_unIntelligible_2,10,0.0,0,T 2,lightsteelblue
#,2,filter_Inf_0.2_6_41.wav,Anchor_Spectral_unIntelligible,0.2,I hope I'm not beeing reductive,94,Anchor_Spectral_unIntelligible_0.2,10,0.0,0,S 0.2,limegreen
Call an ambulance and wait for assisstance,5,filter_6.5_Inf_frm01_s13.wav,Temporal,6.5,Call an ambulance for medical assistance,97,Temporal_6.5,10,10.0,83,T 6.5,cornflowerblue
each...system cart,3,filter_Inf_0.5_frm01_s15.wav,Spectral,0.5,Each untimely income loss coincided with the breakdown of a heating system part,100,Spectral_0.5,10,0.0,29,S 0.5,darkgreen
"It doesn't matter who wins, why do we keep score?",5,filter_7_Inf_frm01_s01.wav,Temporal,7,If it doesn't matter who wins why do we keep score,103,Temporal_7,10,16.0,97,T 7,royalblue
And that was not right,7,2_54.wav,Anchor_fullyIntelligible,0,And that was not right,106,Anchor_fullyIntelligible_0,10,22.727272727272727,100,Full,coral
...and redecorating,3,filter_7_Inf_frm01_s30.wav,Temporal,7,How much will it cost to do any necessary modernizing and redecorating,109,Temporal_7,10,1.4285714285714286,37,T 7,royalblue
#,1,filter_Inf_0.2_2_46.wav,Anchor_Spectral_unIntelligible,0.2,It was quite a bit better I liked it,112,Anchor_Spectral_unIntelligible_0.2,10,0.0,0,S 0.2,limegreen
...in front of me on the surface of the small lake,4,filter_Inf_0.4_frm01_s27.wav,Spectral,0.4,The fish began to leap frantically on the surface of the small lake,115,Spectral_0.4,10,8.955223880597014,70,S 0.4,forestgreen
military personnel are expected to obey ... orders,5,filter_Inf_0.4_frm01_s25.wav,Spectral,0.4,Military personnel are expected to obey government orders,118,Spectral_0.4,10,12.280701754385964,89,S 0.4,forestgreen
she had a...suit...all year,4,filter_Inf_0.5_frm01_s10.wav,Spectral,0.5,She had your dark suit in greasy wash water all year,121,Spectral_0.5,10,5.769230769230769,56,S 0.5,darkgreen
"love, dance and sing if fortune falls upon you ",4,filter_7_Inf_frm01_s26.wav,Temporal,7,Laugh dance and sing if fortune smiles upon you,124,Temporal_7,10,14.893617021276595,78,T 7,royalblue
"if...tomorrow, have a meeting at 2 ",5,filter_6.5_Inf_frm01_s24.wav,Temporal,6.5,If Carol comes tomorrow have her arrange for a meeting at two,127,Temporal_6.5,10,6.557377049180328,65,T 6.5,cornflowerblue
childhood...by his big brother,4,filter_7_Inf_frm01_s20.wav,Temporal,7,The frightened child was gently subdued by his big brother,130,Temporal_7,10,5.172413793103448,60,T 7,royalblue
The same will happen in other countries,7,2_38.wav,Anchor_fullyIntelligible,0,The same will happen in other countries,133,Anchor_fullyIntelligible_0,10,17.94871794871795,100,Full,coral
the tooth fairy forgot to come when Roger's tooth fell out,5,filter_Inf_0.5_frm01_s21.wav,Spectral,0.5,The tooth fairy forgot to come when Roger's tooth fell out,136,Spectral_0.5,10,17.24137931034483,100,S 0.5,darkgreen
That's the ultimate awesome thing ,7,2_6.wav,Anchor_fullyIntelligible,0,That's the ultimate awesome thing,139,Anchor_fullyIntelligible_0,10,15.151515151515152,100,Full,coral
I didn't know what to think of this fearsome woman,7,6_17.wav,Anchor_fullyIntelligible,0,I didn't know what to think of this fearsome woman,142,Anchor_fullyIntelligible_0,10,20.0,100,Full,coral
We saw eight tiny icicles below our roof,5,filter_7_Inf_frm01_s14.wav,Temporal,7,We saw eight tiny icicles below our roof,145,Temporal_7,10,20.0,100,T 7,royalblue
